legal_name,lei,uid_ch,domicile_country,hq_city,hq_region,geneva_link,source_key,retrieved_at
3M,,,,,,,index_universe,2026-07-07T20:39:30Z
3M COMPANY,LUZQVYP4VS22CLWDAR65,262413,US,St. Paul,US-MN,none,gleif,2026-07-19T02:41:34Z
3i,,,,,,,index_universe,2026-07-07T20:39:37Z
A. O. Smith,,,,,,,index_universe,2026-07-07T20:39:30Z
ABB Ltd,5493000LKVGOO9PELI61,CHE-101.049.653,CH,Zurich,CH-ZH,none,gleif,2026-07-19T02:41:12Z
ABBOTT LABORATORIES,HQD377W2YR662HK5JX27,08142220,US,Green Oaks,US-IL,none,gleif,2026-07-19T02:41:32Z
AES Corporation,,,,,,,index_universe,2026-07-07T20:39:30Z
AEVIS VICTORIA SA,8945007IU37NXIYRG176,CHE-100.842.382,CH,Fribourg,,unresolved,gleif,2026-07-19T02:41:27Z
AGC Inc.,,,,,,,index_universe,2026-07-07T20:39:39Z
AIA Group Limited,,,HK,,,,index_universe,2026-07-07T20:39:40Z
ALCON AG,549300LDT5AP8S0NBM78,CHE-234.781.164,CH,FRIBOURG,CH-FR,none,gleif,2026-07-19T02:41:25Z
ALSO Holding AG,529900ACS8A6PTQI6141,CHE100000259,CH,Emmen,CH-LU,none,gleif,2026-07-19T02:41:14Z
ANA Holdings Inc.,,,,,,,index_universe,2026-07-07T20:39:39Z
ANGLO AMERICAN PLC,549300S9XF92D1X8ME43,03564138,GB,LONDON,GB-ENG,none,gleif,2026-07-19T02:41:32Z
ANZ Bank,,,,,,,index_universe,2026-07-07T20:39:42Z
APA Corporation,,,,,,,index_universe,2026-07-07T20:39:30Z
ARYZTA AG,549300W2PUDQQVRD8W85,CHE-114.160.610,CH,ZÜRICH,CH-ZH,none,gleif,2026-07-19T02:41:31Z
ASMALLWORLD AG,506700FU4FBA20IS2771,CHE356811383,CH,Zürich,CH-ZH,none,gleif,2026-07-19T02:41:25Z
ASML Holding,,,Netherlands,,,,index_universe,2026-07-07T20:39:38Z
AT&T,,,,,,,index_universe,2026-07-07T20:39:30Z
AUTONEUM HOLDING AG,549300FL07XZC5MNXS47,CHE-116.315.303,CH,WINTERTHUR,CH-ZH,none,gleif,2026-07-19T02:41:20Z
AbbVie,,,,,,,index_universe,2026-07-07T20:39:30Z
Abbott Laboratories,,,,,,,index_universe,2026-07-07T20:39:30Z
Aberdeen Group,,,,,,,index_universe,2026-07-07T20:39:37Z
Accelleron Industries AG,254900KS0MD2PAARXD14,CHE-270.303.139,CH,Baden,CH-AG,none,gleif,2026-07-19T02:41:28Z
Accenture,,,,,,,index_universe,2026-07-07T20:39:30Z
Accor,,,,,,,index_universe,2026-07-07T20:39:36Z
Addex Therapeutics Ltd,89450068Y9KVP2MQGH86,CHE-113.514.094,CH,Plan-Les-Ouates,,unresolved,gleif,2026-07-19T02:41:16Z
Adecco Group AG,NI14Y5UMU60O7JE9P611,CHE107031232,CH,Zürich,CH-ZH,none,gleif,2026-07-19T02:41:10Z
Adidas,,,Germany,,,,index_universe,2026-07-07T20:39:38Z
Admiral Group,,,,,,,index_universe,2026-07-07T20:39:37Z
Adobe Inc.,,,,,,,index_universe,2026-07-07T20:39:30Z
Advanced Micro Devices,,,,,,,index_universe,2026-07-07T20:39:30Z
Advantest Corp.,,,,,,,index_universe,2026-07-07T20:39:39Z
Adyen,,,Netherlands,,,,index_universe,2026-07-07T20:39:38Z
"Aeon Co., Ltd.",,,,,,,index_universe,2026-07-07T20:39:39Z
Aflac,,,,,,,index_universe,2026-07-07T20:39:30Z
Agilent Technologies,,,,,,,index_universe,2026-07-07T20:39:30Z
Agnico Eagle Mines Limited,,,,,,,index_universe,2026-07-07T20:39:33Z
Ahold Delhaize,,,Netherlands,,,,index_universe,2026-07-07T20:39:38Z
Air Liquide,,,France,,,,index_universe,2026-07-07T20:39:38Z
Air Products,,,,,,,index_universe,2026-07-07T20:39:30Z
Airbnb,,,,,,,index_universe,2026-07-07T20:39:30Z
Airbus,,,France,,,,index_universe,2026-07-07T20:39:38Z
Airtel Africa,,,,,,,index_universe,2026-07-07T20:39:37Z
"Ajinomoto Co., Inc.",,,,,,,index_universe,2026-07-07T20:39:39Z
Akamai Technologies,,,,,,,index_universe,2026-07-07T20:39:30Z
Albemarle Corporation,,,,,,,index_universe,2026-07-07T20:39:30Z
Alexandria Real Estate Equities,,,,,,,index_universe,2026-07-07T20:39:30Z
Alibaba Group,,,,,,,index_universe,2026-07-07T20:39:40Z
Alibaba Health,,,,,,,index_universe,2026-07-07T20:39:40Z
Align Technology,,,,,,,index_universe,2026-07-07T20:39:30Z
Alimentation Couche-Tard Inc.,,,CA,,,,index_universe,2026-07-07T20:39:33Z
Allegion,,,,,,,index_universe,2026-07-07T20:39:30Z
Alliance Witan,,,,,,,index_universe,2026-07-07T20:39:37Z
Alliant Energy,,,,,,,index_universe,2026-07-07T20:39:30Z
Allianz,,,Germany,,,,index_universe,2026-07-07T20:39:38Z
Allreal Holding AG,5067006XH174LA44H658,CHE101079312,CH,Baar,CH-ZG,none,gleif,2026-07-19T02:41:08Z
Allstate,,,,,,,index_universe,2026-07-07T20:39:30Z
Alphabet Inc. (Class A),,,,,,,index_universe,2026-07-07T20:39:30Z
Alphabet Inc. (Class C),,,,,,,index_universe,2026-07-07T20:39:30Z
Alpine Select AG,506700VJZ26IVEV9XH10,CHE103607759,CH,Zug,CH-ZG,none,gleif,2026-07-19T02:41:13Z
"Alps Alpine Co., Ltd.",,,,,,,index_universe,2026-07-07T20:39:39Z
Altria,,,,,,,index_universe,2026-07-07T20:39:30Z
Amada Co. Ltd.,,,,,,,index_universe,2026-07-07T20:39:39Z
Amazon,,,,,,,index_universe,2026-07-07T20:39:30Z
Amcor,,,,,,,index_universe,2026-07-07T20:39:42Z
Ameren,,,,,,,index_universe,2026-07-07T20:39:30Z
American Electric Power,,,,,,,index_universe,2026-07-07T20:39:30Z
American Express,,,,,,,index_universe,2026-07-07T20:39:30Z
American International Group,,,,,,,index_universe,2026-07-07T20:39:30Z
American Tower,,,,,,,index_universe,2026-07-07T20:39:30Z
American Water Works,,,,,,,index_universe,2026-07-07T20:39:30Z
Ameriprise Financial,,,,,,,index_universe,2026-07-07T20:39:30Z
Ametek,,,,,,,index_universe,2026-07-07T20:39:30Z
Amgen,,,,,,,index_universe,2026-07-07T20:39:30Z
Amphenol,,,,,,,index_universe,2026-07-07T20:39:30Z
Amrize AG,529900SLCCO6K43P8146,CHE-238.689.758,CH,Zug,CH-ZG,none,gleif,2026-07-19T02:41:31Z
Analog Devices,,,,,,,index_universe,2026-07-07T20:39:30Z
Anglo American plc,,,,,,,index_universe,2026-07-07T20:39:37Z
Anheuser-Busch InBev,,,Belgium,,,,index_universe,2026-07-07T20:39:38Z
Anta Sports,,,,,,,index_universe,2026-07-07T20:39:40Z
Antofagasta plc,,,GB,,,,index_universe,2026-07-07T20:39:37Z
Aon plc,,,,,,,index_universe,2026-07-07T20:39:30Z
"Aozora Bank, Ltd.",,,,,,,index_universe,2026-07-07T20:39:39Z
Apollo Global Management,,,,,,,index_universe,2026-07-07T20:39:30Z
AppLovin,,,,,,,index_universe,2026-07-07T20:39:30Z
Apple Inc.,,,,,,,index_universe,2026-07-07T20:39:30Z
Applied Materials,,,,,,,index_universe,2026-07-07T20:39:30Z
Aptiv,,,,,,,index_universe,2026-07-07T20:39:30Z
Arbonia AG,52990053OCTMTW77M139,CHE-106.181.952,CH,Arbon,CH-TG,none,gleif,2026-07-19T02:41:19Z
ArcelorMittal,,,,,,,index_universe,2026-07-07T20:39:36Z
Arch Capital Group,,,,,,,index_universe,2026-07-07T20:39:30Z
Archer Daniels Midland,,,,,,,index_universe,2026-07-07T20:39:30Z
Archion Corp.,,,,,,,index_universe,2026-07-07T20:39:39Z
Ares Management,,,,,,,index_universe,2026-07-07T20:39:30Z
Argenx,,,Netherlands,,,,index_universe,2026-07-07T20:39:38Z
Arista Networks,,,,,,,index_universe,2026-07-07T20:39:30Z
Aristocrat Leisure,,,,,,,index_universe,2026-07-07T20:39:42Z
Arthur J. Gallagher & Co.,,,,,,,index_universe,2026-07-07T20:39:30Z
"As of 15 June 2026[update], the company with the largest influence on the index is Tokyo Electron",,,,,,,index_universe,2026-07-07T20:39:39Z
"Asahi Group Holdings, Ltd.",,,,,,,index_universe,2026-07-07T20:39:39Z
Asahi Kasei Corp.,,,,,,,index_universe,2026-07-07T20:39:39Z
Ascom Holding AG,506700ZQR2RU51M31817,CHE102333654,CH,Baar,,unresolved,gleif,2026-07-19T02:41:10Z
Associated British Foods,,,,,,,index_universe,2026-07-07T20:39:37Z
Assurant,,,,,,,index_universe,2026-07-07T20:39:30Z
Astellas Pharma Inc.,,,,,,,index_universe,2026-07-07T20:39:39Z
AstraZeneca,,,,,,,index_universe,2026-07-07T20:39:37Z
Atmos Energy,,,,,,,index_universe,2026-07-07T20:39:30Z
AutoZone,,,,,,,index_universe,2026-07-07T20:39:30Z
Autodesk,,,,,,,index_universe,2026-07-07T20:39:30Z
Automatic Data Processing,,,,,,,index_universe,2026-07-07T20:39:30Z
Autotrader Group,,,,,,,index_universe,2026-07-07T20:39:37Z
AvalonBay Communities,,,,,,,index_universe,2026-07-07T20:39:30Z
Avery Dennison,,,,,,,index_universe,2026-07-07T20:39:30Z
Aviva,,,,,,,index_universe,2026-07-07T20:39:37Z
Avolta AG,549300X53WDBVW7TIF57,CHE-110.286.241,CH,Basel,CH-BS,none,gleif,2026-07-19T02:41:14Z
Axa,,,France,,,,index_universe,2026-07-07T20:39:38Z
Axon Enterprise,,,,,,,index_universe,2026-07-07T20:39:30Z
BACHEM HOLDING AG,506700S81111XI7TG884,CHE107906534,CH,Bubendorf,CH-BL,none,gleif,2026-07-19T02:41:29Z
BAE Systems,,,,,,,index_universe,2026-07-07T20:39:37Z
BANQUE CANTONALE DE GENÈVE,549300ZEFUWWFTP7BA50,CHE-105.981.074,CH,GENEVA,CH-GE,domicile,gleif,2026-07-19T02:41:32Z
BANQUE CANTONALE DU JURA SA,549300BLETICMY13WN65,CHE-105.905.618,CH,PORRENTRUY,CH-JU,none,gleif,2026-07-19T02:41:24Z
BANQUE CANTONALE DU VALAIS,549300YI34DX51LRGS71,CHE-105.845.241,CH,SION,CH-VS,none,gleif,2026-07-19T02:41:23Z
BARRY CALLEBAUT AG,213800Y5RWKLDPUTT265,CHE-106.118.646,CH,ZURICH,CH-ZH,none,gleif,2026-07-19T02:41:09Z
BASF,,,Germany,,,,index_universe,2026-07-07T20:39:38Z
BB Biotech AG,391200MBZQNPFHIVKO34,CHE-102.169.627,CH,Schaffhausen,CH-SH,none,gleif,2026-07-19T02:41:17Z
BBVA,,,Spain,,,,index_universe,2026-07-07T20:39:38Z
BCE Inc.,,,,,,,index_universe,2026-07-07T20:39:33Z
BELIMO Holding AG,506700339DLX749VEM23,CHE100925186,CH,Hinwil,CH-ZH,none,gleif,2026-07-19T02:41:28Z
BELLEVUE GROUP AG,549300K4OOI7NV0BQ816,CHE-103.354.475,CH,Zürich,CH-ZH,none,gleif,2026-07-19T02:41:16Z
BHP,,,,,,,index_universe,2026-07-07T20:39:42Z
BKW AG,549300IE30SKTUO98Q38,CHE283101148,CH,Bern,CH-BE,none,gleif,2026-07-19T02:41:20Z
BMW,,,Germany,,,,index_universe,2026-07-07T20:39:38Z
BNP Paribas,,,France,,,,index_universe,2026-07-07T20:39:38Z
BNY Mellon,,,,,,,index_universe,2026-07-07T20:39:30Z
BOC Hong Kong (Holdings) Ltd,,,,,,,index_universe,2026-07-07T20:39:40Z
BP,,,,,,,index_universe,2026-07-07T20:39:37Z
BT Group,,,,,,,index_universe,2026-07-07T20:39:37Z
BVZ Holding AG,506700R7ZF010M400A82,CHE101105659,CH,Brig,CH-VS,none,gleif,2026-07-19T02:41:08Z
"BXP, Inc.",,,,,,,index_universe,2026-07-07T20:39:30Z
BYD Company,,,,,,,index_universe,2026-07-07T20:39:40Z
BYD Electronics,,,,,,,index_universe,2026-07-07T20:39:40Z
Babcock International,,,,,,,index_universe,2026-07-07T20:39:37Z
Baidu,,,,,,,index_universe,2026-07-07T20:39:40Z
Baker Hughes,,,,,,,index_universe,2026-07-07T20:39:30Z
Ball Corporation,,,,,,,index_universe,2026-07-07T20:39:30Z
Banco Santander,,,Spain,,,,index_universe,2026-07-07T20:39:38Z
"Bandai Namco Holdings, Inc.",,,,,,,index_universe,2026-07-07T20:39:39Z
Bank of America,,,US,,,,index_universe,2026-07-07T20:39:30Z
Bank of China Ltd,,,,,,,index_universe,2026-07-07T20:39:40Z
Bank of Montreal,,,,,,,index_universe,2026-07-07T20:39:33Z
Bank of Nova Scotia,,,,,,,index_universe,2026-07-07T20:39:33Z
Banque Cantonale Vaudoise,K1MOBB3OPSBBQO554R76,CHE105934376,CH,Lausanne,CH-VD,none,gleif,2026-07-19T02:41:27Z
Barclays,,,,,,,index_universe,2026-07-07T20:39:37Z
Barratt Redrow,,,,,,,index_universe,2026-07-07T20:39:37Z
Barrick Mining Corporation,,,,,,,index_universe,2026-07-07T20:39:33Z
Basellandschaftliche Kantonalbank,529900TPRILCY8WVKI23,CHE-108.954.470,CH,Liestal,CH-BL,none,gleif,2026-07-19T02:41:05Z
"Basilea Pharmaceutica AG, Allschwil",391200TTZP8EIPSJ5J20,CHE101175068,CH,Basel,CH-BS,none,gleif,2026-07-19T02:41:10Z
Basler Kantonalbank,HV5W8PGLJ127N2SFSM23,CHE108954493,CH,Basel,CH-BS,none,gleif,2026-07-19T02:41:09Z
Baxter International,,,,,,,index_universe,2026-07-07T20:39:30Z
Baycurrent Inc.,,,,,,,index_universe,2026-07-07T20:39:39Z
Bayer,,,Germany,,,,index_universe,2026-07-07T20:39:38Z
Beazley,,,,,,,index_universe,2026-07-07T20:39:37Z
Becton Dickinson,,,,,,,index_universe,2026-07-07T20:39:30Z
Beiersdorf,,,,,,,index_universe,2026-07-07T20:39:34Z
Bell Food Group AG,50670090YSFJ2732TD58,CHE105805112,CH,Basel,CH-BS,none,gleif,2026-07-19T02:41:24Z
Berkshire Hathaway,,,,,,,index_universe,2026-07-07T20:39:30Z
Berner Kantonalbank AG,4T0J6O251JXNEB0VEZ08,CHE108955216,CH,Bern,CH-BE,none,gleif,2026-07-19T02:41:09Z
Best Buy,,,,,,,index_universe,2026-07-07T20:39:30Z
Bio-Techne,,,,,,,index_universe,2026-07-07T20:39:30Z
BioVersys AG,894500UFIGC75NPZEZ68,CHE-114.512.761,CH,Basel,CH-BS,none,gleif,2026-07-19T02:41:21Z
Biogen,,,,,,,index_universe,2026-07-07T20:39:30Z
BlackRock,,,,,,,index_universe,2026-07-07T20:39:30Z
Blackstone Inc.,,,,,,,index_universe,2026-07-07T20:39:30Z
Block,,,,,,,index_universe,2026-07-07T20:39:42Z
"Block, Inc.",,,,,,,index_universe,2026-07-07T20:39:30Z
Boeing,,,,,,,index_universe,2026-07-07T20:39:30Z
Booking Holdings,,,,,,,index_universe,2026-07-07T20:39:30Z
Bossard Holding AG,5067001959OEPG6X8016,CHE102904137,CH,Zug,CH-ZG,none,gleif,2026-07-19T02:41:21Z
Boston Scientific,,,,,,,index_universe,2026-07-07T20:39:30Z
Bouygues,,,,,,,index_universe,2026-07-07T20:39:36Z
Brambles,,,,,,,index_universe,2026-07-07T20:39:42Z
Brenntag,,,,,,,index_universe,2026-07-07T20:39:34Z
Bridgestone Corp.,,,,,,,index_universe,2026-07-07T20:39:39Z
Bristol Myers Squibb,,,,,,,index_universe,2026-07-07T20:39:30Z
British American Tobacco,,,,,,,index_universe,2026-07-07T20:39:37Z
British Land,,,,,,,index_universe,2026-07-07T20:39:37Z
Broadcom,,,,,,,index_universe,2026-07-07T20:39:30Z
Broadridge Financial Solutions,,,,,,,index_universe,2026-07-07T20:39:30Z
Brookfield Asset Management Ltd.,,,,,,,index_universe,2026-07-07T20:39:33Z
Brookfield Corporation,,,CA,,,,index_universe,2026-07-07T20:39:33Z
Brookfield Infrastructure Partners L.P.,,,,,,,index_universe,2026-07-07T20:39:33Z
Brown & Brown,,,,,,,index_universe,2026-07-07T20:39:30Z
Brown–Forman,,,,,,,index_universe,2026-07-07T20:39:30Z
Bucher Industries AG,52990014AQ91A29HPB27,CHE-100.619.832,CH,Niederweningen,CH-ZH,none,gleif,2026-07-19T02:41:05Z
Budweiser Brewing Company APAC,,,,,,,index_universe,2026-07-07T20:39:40Z
Builders FirstSource,,,,,,,index_universe,2026-07-07T20:39:30Z
Bunge Global,,,,,,,index_universe,2026-07-07T20:39:30Z
Bunzl,,,,,,,index_universe,2026-07-07T20:39:37Z
Burberry Group,,,,,,,index_universe,2026-07-07T20:39:37Z
Burckhardt Compression Holding AG,5067004N56DLX7GY3E95,CHE109421288,CH,Winterthur,CH-ZH,none,gleif,2026-07-19T02:41:16Z
Bureau Veritas,,,FR,,,,index_universe,2026-07-07T20:39:36Z
Burkhalter Holding AG,3912002Q7RGEIHPQ0J90,CHE101267612,CH,Zürich,CH-ZH,none,gleif,2026-07-19T02:41:21Z
Bystronic AG,529900OG85OX10GRW920,CHE107433300,CH,Zürich,CH-ZH,none,gleif,2026-07-19T02:41:21Z
C Capital Holdings AG,549300UP4QMIDIT51391,CHE101017162,CH,Zurich,CH-ZH,none,gleif,2026-07-19T02:41:08Z
C.H. Robinson,,,,,,,index_universe,2026-07-07T20:39:30Z
CAE Inc.,,,,,,,index_universe,2026-07-07T20:39:33Z
CAR Group,,,,,,,index_universe,2026-07-07T20:39:42Z
CASTLE PRIVATE EQUITY AG,549300VE2QDR72P5GI16,CHE-103.559.824,CH,FREIENBACH,,unresolved,gleif,2026-07-19T02:41:19Z
CBRE Group,,,,,,,index_universe,2026-07-07T20:39:30Z
CCL Industries Inc.,,,,,,,index_universe,2026-07-07T20:39:33Z
CDW Corporation,,,,,,,index_universe,2026-07-07T20:39:30Z
CF Industries,,,,,,,index_universe,2026-07-07T20:39:30Z
CGI Inc.,,,CA,,,,index_universe,2026-07-07T20:39:33Z
CITIC Limited,,,,,,,index_universe,2026-07-07T20:39:40Z
CK Asset Holdings,,,,,,,index_universe,2026-07-07T20:39:40Z
CK Hutchison Holdings Limited,,,HK,,,,index_universe,2026-07-07T20:39:40Z
CLP Holdings Limited,,,HK,,,,index_universe,2026-07-07T20:39:40Z
CME Group,,,,,,,index_universe,2026-07-07T20:39:30Z
CMS Energy,,,,,,,index_universe,2026-07-07T20:39:30Z
CNOOC Limited,,,HK,,,,index_universe,2026-07-07T20:39:40Z
COLTENE Holding AG,894500KE52GRSIVJAP50,CHE-112.678.238,CH,Altstätten,CH-SG,none,gleif,2026-07-19T02:41:16Z
COMPAGNIE FINANCIERE RICHEMONT SA,549300YIPGJ6UX2QPS51,CHE-106.325.524,CH,BELLEVUE,CH-GE,domicile,gleif,2026-07-19T02:41:21Z
CPH Group AG,506700O001G9RW029H49,CHE107912500,CH,Perlen,CH-LU,none,gleif,2026-07-19T02:41:05Z
CRH plc,,,,,,,index_universe,2026-07-07T20:39:30Z
CSL,,,,,,,index_universe,2026-07-07T20:39:42Z
CSPC Pharmaceutical Group,,,,,,,index_universe,2026-07-07T20:39:40Z
CSX Corporation,,,,,,,index_universe,2026-07-07T20:39:30Z
CVS Health,,,,,,,index_universe,2026-07-07T20:39:30Z
Cadence Design Systems,,,,,,,index_universe,2026-07-07T20:39:30Z
Calida Holding AG,5067000IPI8X0DOOM496,CHE100688224,CH,Oberkirch LU,CH-LU,none,gleif,2026-07-19T02:41:20Z
Camden Property Trust,,,,,,,index_universe,2026-07-07T20:39:30Z
Cameco Corporation,,,,,,,index_universe,2026-07-07T20:39:33Z
Canadian Imperial Bank of Commerce,,,,,,,index_universe,2026-07-07T20:39:33Z
Canadian National Railway Company,,,,,,,index_universe,2026-07-07T20:39:33Z
Canadian Natural Resources Limited,,,,,,,index_universe,2026-07-07T20:39:33Z
Canadian Pacific Kansas City Limited,,,CA,,,,index_universe,2026-07-07T20:39:33Z
Canadian Tire Corporation Limited,,,,,,,index_universe,2026-07-07T20:39:33Z
Canon Inc.,,,,,,,index_universe,2026-07-07T20:39:39Z
Capgemini,,,FR,,,,index_universe,2026-07-07T20:39:36Z
Capital One,,,,,,,index_universe,2026-07-07T20:39:30Z
Cardinal Health,,,,,,,index_universe,2026-07-07T20:39:30Z
Carlo Gavazzi Holding AG,506700OM0D38V36KOE26,CHE103950708,CH,Steinhausen,CH-ZG,none,gleif,2026-07-19T02:41:31Z
Carnival Corporation,,,,,,,index_universe,2026-07-07T20:39:30Z
Carrefour,,,,,,,index_universe,2026-07-07T20:39:36Z
Carrier Global,,,,,,,index_universe,2026-07-07T20:39:30Z
Carvana,,,US,,,,index_universe,2026-07-07T20:39:30Z
Casey's,,,,,,,index_universe,2026-07-07T20:39:30Z
Caterpillar Inc.,,,,,,,index_universe,2026-07-07T20:39:30Z
Cboe Global Markets,,,,,,,index_universe,2026-07-07T20:39:30Z
Celestica Inc.,,,CA,,,,index_universe,2026-07-07T20:39:33Z
Cembra Money Bank AG,549300ZDHOETLAIVTE82,CHE115295655,CH,Zürich,CH-ZH,none,gleif,2026-07-19T02:41:21Z
Cencora,,,,,,,index_universe,2026-07-07T20:39:30Z
Cenovus Energy Inc.,,,,,,,index_universe,2026-07-07T20:39:33Z
Centene Corporation,,,,,,,index_universe,2026-07-07T20:39:30Z
CenterPoint Energy,,,,,,,index_universe,2026-07-07T20:39:30Z
Central Japan Railway Company,,,,,,,index_universe,2026-07-07T20:39:39Z
Centrica,,,,,,,index_universe,2026-07-07T20:39:37Z
Cham Swiss Properties AG,50670072J8XF8F091F46,CHE208983733,CH,Cham,CH-ZG,none,gleif,2026-07-19T02:41:27Z
Charles River Laboratories,,,,,,,index_universe,2026-07-07T20:39:30Z
Charles Schwab Corporation,,,,,,,index_universe,2026-07-07T20:39:30Z
Charter Communications,,,US,,,,index_universe,2026-07-07T20:39:30Z
Cheung Kong Infrastructure Holdings Limited,,,HK,,,,index_universe,2026-07-07T20:39:40Z
Chevron Corporation,,,,,,,index_universe,2026-07-07T20:39:30Z
China Construction Bank,,,,,,,index_universe,2026-07-07T20:39:40Z
China Hongqiao Group,,,,,,,index_universe,2026-07-07T20:39:40Z
China Life,,,,,,,index_universe,2026-07-07T20:39:40Z
China Merchants Bank,,,HK,,,,index_universe,2026-07-07T20:39:40Z
China Mobile Ltd,,,,,,,index_universe,2026-07-07T20:39:40Z
China Overseas Land & Investment Limited,,,HK,,,,index_universe,2026-07-07T20:39:40Z
China Resources Beer,,,,,,,index_universe,2026-07-07T20:39:40Z
China Resources Land Limited,,,HK,,,,index_universe,2026-07-07T20:39:40Z
China Resources Mixc Lifestyle,,,,,,,index_universe,2026-07-07T20:39:40Z
China Resources Power,,,,,,,index_universe,2026-07-07T20:39:40Z
China Shenhua Energy,,,,,,,index_universe,2026-07-07T20:39:40Z
China Unicom,,,,,,,index_universe,2026-07-07T20:39:40Z
Chipotle Mexican Grill,,,,,,,index_universe,2026-07-07T20:39:30Z
Chocoladefabriken Lindt & Sprüngli AG,529900JYJNNOKKAGK736,CHE-102.232.125,CH,Kilchberg ZH,CH-ZH,none,gleif,2026-07-19T02:41:09Z
Chow Tai Fook,,,,,,,index_universe,2026-07-07T20:39:40Z
Chubb Limited,,,US,,,,index_universe,2026-07-07T20:39:30Z
"Chubu Electric Power Co., Inc.",,,,,,,index_universe,2026-07-07T20:39:39Z
"Chugai Pharmaceutical Co., Ltd.",,,,,,,index_universe,2026-07-07T20:39:39Z
Church & Dwight,,,,,,,index_universe,2026-07-07T20:39:30Z
Cicor Technologies Ltd.,529900PIIUEUGLYD8P70,CHE103362109,CH,Boudry,CH-NE,none,gleif,2026-07-19T02:41:08Z
Ciena,,,,,,,index_universe,2026-07-07T20:39:30Z
Cigna,,,,,,,index_universe,2026-07-07T20:39:30Z
Cincinnati Financial,,,,,,,index_universe,2026-07-07T20:39:30Z
Cintas,,,,,,,index_universe,2026-07-07T20:39:30Z
Cisco,,,,,,,index_universe,2026-07-07T20:39:30Z
Citigroup,,,,,,,index_universe,2026-07-07T20:39:30Z
Citizens Financial Group,,,,,,,index_universe,2026-07-07T20:39:30Z
Clariant AG,529900VSEKBY7TMPP349,CHE103388563,CH,Muttenz,CH-BL,none,gleif,2026-07-19T02:41:10Z
Clorox,,,,,,,index_universe,2026-07-07T20:39:30Z
CoStar Group,,,,,,,index_universe,2026-07-07T20:39:30Z
Coca-Cola Company (The),,,,,,,index_universe,2026-07-07T20:39:30Z
Coca-Cola Europacific Partners,,,,,,,index_universe,2026-07-07T20:39:37Z
Coca-Cola HBC,,,,,,,index_universe,2026-07-07T20:39:37Z
Cochlear,,,,,,,index_universe,2026-07-07T20:39:42Z
Cognizant,,,,,,,index_universe,2026-07-07T20:39:30Z
Coherent Corp.,,,,,,,index_universe,2026-07-07T20:39:30Z
Coinbase,,,,,,,index_universe,2026-07-07T20:39:30Z
Coles Group,,,,,,,index_universe,2026-07-07T20:39:42Z
Colgate-Palmolive,,,,,,,index_universe,2026-07-07T20:39:30Z
Comcast,,,,,,,index_universe,2026-07-07T20:39:30Z
Comet Holding AG,506700PGOL747J76WC96,CHE101348386,CH,Flamatt,CH-FR,none,gleif,2026-07-19T02:41:24Z
Comfort Systems USA,,,,,,,index_universe,2026-07-07T20:39:30Z
Commerzbank,,,,,,,index_universe,2026-07-07T20:39:34Z
Commonwealth Bank,,,,,,,index_universe,2026-07-07T20:39:42Z
Compagnie Financière Tradition SA,213800WCJHNV1PPEAR30,CHE107035129,CH,Lausanne,CH-VD,none,gleif,2026-07-19T02:41:13Z
Compass Group,,,,,,,index_universe,2026-07-07T20:39:37Z
Computacenter,,,,,,,index_universe,2026-07-07T20:39:37Z
Computershare,,,,,,,index_universe,2026-07-07T20:39:42Z
Comsys Holdings Corp.,,,,,,,index_universe,2026-07-07T20:39:39Z
ConocoPhillips,,,US,,,,index_universe,2026-07-07T20:39:30Z
Consolidated Edison,,,US,,,,index_universe,2026-07-07T20:39:30Z
Constellation Brands,,,,,,,index_universe,2026-07-07T20:39:30Z
Constellation Energy,,,,,,,index_universe,2026-07-07T20:39:30Z
Constellation Software Inc.,,,,,,,index_universe,2026-07-07T20:39:33Z
Continental,,,,,,,index_universe,2026-07-07T20:39:34Z
Convatec,,,,,,,index_universe,2026-07-07T20:39:37Z
Cooper Companies (The),,,,,,,index_universe,2026-07-07T20:39:30Z
Copart,,,,,,,index_universe,2026-07-07T20:39:30Z
Corning Inc.,,,,,,,index_universe,2026-07-07T20:39:30Z
Corpay,,,,,,,index_universe,2026-07-07T20:39:30Z
Corteva,,,,,,,index_universe,2026-07-07T20:39:30Z
Costco,,,,,,,index_universe,2026-07-07T20:39:30Z
"Credit Saison Co., Ltd.",,,,,,,index_universe,2026-07-07T20:39:39Z
Croda International,,,,,,,index_universe,2026-07-07T20:39:37Z
CrowdStrike,,,,,,,index_universe,2026-07-07T20:39:30Z
Crown Castle,,,,,,,index_universe,2026-07-07T20:39:30Z
Crédit Agricole,,,,,,,index_universe,2026-07-07T20:39:36Z
Cummins,,,,,,,index_universe,2026-07-07T20:39:30Z
Curatis Holding AG,506700VDL70GGMHR5758,CHE103574108,CH,Liestal,CH-BL,none,gleif,2026-07-19T02:41:31Z
CyberAgent Inc.,,,,,,,index_universe,2026-07-07T20:39:39Z
D. R. Horton,,,,,,,index_universe,2026-07-07T20:39:30Z
DCC plc,,,,,,,index_universe,2026-07-07T20:39:37Z
DKSH HOLDING AG,549300HUUUNHO6FJUS42,CHE-107.828.992,CH,ZÜRICH,CH-ZH,none,gleif,2026-07-19T02:41:20Z
DSM-Firmenich AG,506700G44V67MPM4BI12,CHE441853769,CH,Kaiseraugst,CH-AG,none,gleif,2026-07-19T02:41:29Z
DTE Energy,,,,,,,index_universe,2026-07-07T20:39:30Z
DaVita,,,,,,,index_universe,2026-07-07T20:39:30Z
"Dai Nippon Printing Co., Ltd.",,,,,,,index_universe,2026-07-07T20:39:39Z
"Dai-ichi Life Insurance Company, Limited",,,,,,,index_universe,2026-07-07T20:39:39Z
"Daiichi Sankyo Company, Limited",,,,,,,index_universe,2026-07-07T20:39:39Z
"Daikin Industries, Ltd.",,,,,,,index_universe,2026-07-07T20:39:39Z
Daimler Truck,,,,,,,index_universe,2026-07-07T20:39:34Z
"Daiwa House Industry Co., Ltd.",,,,,,,index_universe,2026-07-07T20:39:39Z
Daiwa Securities Group Inc.,,,,,,,index_universe,2026-07-07T20:39:39Z
Danaher Corporation,,,,,,,index_universe,2026-07-07T20:39:30Z
Danone,,,France,,,,index_universe,2026-07-07T20:39:38Z
Darden Restaurants,,,,,,,index_universe,2026-07-07T20:39:30Z
Dassault Systèmes,,,,,,,index_universe,2026-07-07T20:39:36Z
Datadog,,,,,,,index_universe,2026-07-07T20:39:30Z
Deckers Brands,,,,,,,index_universe,2026-07-07T20:39:30Z
Deere & Company,,,,,,,index_universe,2026-07-07T20:39:30Z
Dell Technologies,,,,,,,index_universe,2026-07-07T20:39:30Z
Delta Air Lines,,,,,,,index_universe,2026-07-07T20:39:30Z
"Dena Co., Ltd.",,,,,,,index_universe,2026-07-07T20:39:39Z
"Denka Co., Ltd.",,,,,,,index_universe,2026-07-07T20:39:39Z
Denso Corp.,,,,,,,index_universe,2026-07-07T20:39:39Z
Dentsu Inc.,,,,,,,index_universe,2026-07-07T20:39:39Z
Deutsche Bank,,,Germany,,,,index_universe,2026-07-07T20:39:38Z
Deutsche Börse,,,Germany,,,,index_universe,2026-07-07T20:39:38Z
Deutsche Post,,,Germany,,,,index_universe,2026-07-07T20:39:38Z
Deutsche Telekom,,,Germany,,,,index_universe,2026-07-07T20:39:38Z
Devon Energy,,,,,,,index_universe,2026-07-07T20:39:30Z
Dexcom,,,,,,,index_universe,2026-07-07T20:39:30Z
Diageo,,,,,,,index_universe,2026-07-07T20:39:37Z
Diamondback Energy,,,,,,,index_universe,2026-07-07T20:39:30Z
Digital Realty,,,,,,,index_universe,2026-07-07T20:39:30Z
Diploma,,,,,,,index_universe,2026-07-07T20:39:37Z
Disco Corporation Ltd.,,,,,,,index_universe,2026-07-07T20:39:39Z
DocMorris AG,50670038OH136R5Z4663,CHE107471275,CH,Frauenfeld,CH-TG,none,gleif,2026-07-19T02:41:17Z
Dollar General,,,US,,,,index_universe,2026-07-07T20:39:30Z
Dollar Tree,,,,,,,index_universe,2026-07-07T20:39:30Z
Dollarama Inc.,,,,,,,index_universe,2026-07-07T20:39:33Z
Dominion Energy,,,,,,,index_universe,2026-07-07T20:39:30Z
Domino's,,,,,,,index_universe,2026-07-07T20:39:30Z
DoorDash,,,,,,,index_universe,2026-07-07T20:39:30Z
Dottikon ES Holding AG,50670064H782SV8G2Z44,CHE112235208,CH,Dottikon,CH-AG,none,gleif,2026-07-19T02:41:28Z
Dover Corporation,,,,,,,index_universe,2026-07-07T20:39:30Z
Dow Inc.,,,,,,,index_universe,2026-07-07T20:39:30Z
"Dowa Holdings Co., Ltd.",,,,,,,index_universe,2026-07-07T20:39:39Z
DuPont,,,,,,,index_universe,2026-07-07T20:39:30Z
Duke Energy,,,,,,,index_universe,2026-07-07T20:39:30Z
Dätwyler Holding AG,52990096G2IJ89SWI669,CHE103275686,CH,Altdorf UR,CH-UR,none,gleif,2026-07-19T02:41:17Z
E.ON,,,,,,,index_universe,2026-07-07T20:39:34Z
EEII AG,506700909QIDX4K4DY42,CHE103605080,CH,Zug,CH-ZG,none,gleif,2026-07-19T02:41:08Z
EFG International AG,506700PR1R98BSF81139,CHE112512247,CH,Zürich,CH-ZH,none,gleif,2026-07-19T02:41:14Z
ELI LILLY AND COMPANY,FRDRIPF3EKNDJ2CQJL29,183025-143,US,Indianapolis,US-IN,none,gleif,2026-07-19T02:41:34Z
EMS-CHEMIE HOLDING AG,529900G1XFTGSE0DIX60,CHE101285490,CH,Domat/Ems,CH-GR,none,gleif,2026-07-19T02:41:13Z
ENN Energy,,,,,,,index_universe,2026-07-07T20:39:40Z
EOG Resources,,,,,,,index_universe,2026-07-07T20:39:30Z
EQT Corporation,,,,,,,index_universe,2026-07-07T20:39:30Z
East Japan Railway Company,,,,,,,index_universe,2026-07-07T20:39:39Z
Eaton Corporation,,,,,,,index_universe,2026-07-07T20:39:30Z
Ebara Corp.,,,,,,,index_universe,2026-07-07T20:39:39Z
EchoStar,,,,,,,index_universe,2026-07-07T20:39:30Z
Ecolab,,,,,,,index_universe,2026-07-07T20:39:30Z
Edenred,,,FR,,,,index_universe,2026-07-07T20:39:36Z
Edison International,,,,,,,index_universe,2026-07-07T20:39:30Z
Edisun Power Europe AG,5067008R63E038ZS4D18,CHE112680241,CH,Zürich,CH-ZH,none,gleif,2026-07-19T02:41:16Z
Edwards Lifesciences,,,,,,,index_universe,2026-07-07T20:39:30Z
"Eisai Co., Ltd.",,,,,,,index_universe,2026-07-07T20:39:39Z
Electronic Arts,,,,,,,index_universe,2026-07-07T20:39:30Z
Elevance Health,,,,,,,index_universe,2026-07-07T20:39:30Z
Elma Electronic AG,5067005GN286J87M7194,CHE105973206,CH,Wetzikon ZH 1,CH-ZH,none,gleif,2026-07-19T02:41:06Z
Emcor,,,,,,,index_universe,2026-07-07T20:39:30Z
Emera Incorporated,,,CA,,,,index_universe,2026-07-07T20:39:33Z
Emerson Electric,,,,,,,index_universe,2026-07-07T20:39:30Z
Emmi AG,529900Q53RBYJIVCMA08,CHE103588843,CH,Luzern,CH-LU,none,gleif,2026-07-19T02:41:12Z
Enbridge Inc.,,,,,,,index_universe,2026-07-07T20:39:33Z
Endeavour Mining,,,,,,,index_universe,2026-07-07T20:39:37Z
Enel,,,Italy,,,,index_universe,2026-07-07T20:39:38Z
Eneos Holdings,,,,,,,index_universe,2026-07-07T20:39:39Z
Engie,,,FR,,,,index_universe,2026-07-07T20:39:36Z
Eni,,,Italy,,,,index_universe,2026-07-07T20:39:38Z
Entain,,,,,,,index_universe,2026-07-07T20:39:37Z
Entergy,,,,,,,index_universe,2026-07-07T20:39:30Z
Equifax,,,,,,,index_universe,2026-07-07T20:39:30Z
Equinix,,,,,,,index_universe,2026-07-07T20:39:30Z
Equity Residential,,,,,,,index_universe,2026-07-07T20:39:30Z
Erie Indemnity,,,,,,,index_universe,2026-07-07T20:39:30Z
Essex Property Trust,,,,,,,index_universe,2026-07-07T20:39:30Z
EssilorLuxottica,,,France,,,,index_universe,2026-07-07T20:39:38Z
Estée Lauder Companies (The),,,,,,,index_universe,2026-07-07T20:39:30Z
Eurofins Scientific,,,,,,,index_universe,2026-07-07T20:39:36Z
Everest Group,,,,,,,index_universe,2026-07-07T20:39:30Z
Evergy,,,,,,,index_universe,2026-07-07T20:39:30Z
Eversource Energy,,,US,,,,index_universe,2026-07-07T20:39:30Z
EvoNext Holdings SA,506700IF701J35J34N57,CHE108641858,CH,Reinach BL,CH-BL,none,gleif,2026-07-19T02:41:29Z
Evolution Mining,,,,,,,index_universe,2026-07-07T20:39:42Z
Exelon,,,,,,,index_universe,2026-07-07T20:39:30Z
Expand Energy,,,,,,,index_universe,2026-07-07T20:39:30Z
Expedia Group,,,,,,,index_universe,2026-07-07T20:39:30Z
Expeditors International,,,,,,,index_universe,2026-07-07T20:39:30Z
Experian,,,,,,,index_universe,2026-07-07T20:39:37Z
Extra Space Storage,,,,,,,index_universe,2026-07-07T20:39:30Z
ExxonMobil,,,,,,,index_universe,2026-07-07T20:39:30Z
F & C Investment Trust,,,,,,,index_universe,2026-07-07T20:39:37Z
"F5, Inc.",,,,,,,index_universe,2026-07-07T20:39:30Z
FANUC Corp.,,,,,,,index_universe,2026-07-07T20:39:39Z
FactSet,,,,,,,index_universe,2026-07-07T20:39:30Z
Fair Isaac,,,,,,,index_universe,2026-07-07T20:39:30Z
Fairfax Financial Holdings Limited,,,,,,,index_universe,2026-07-07T20:39:33Z
"Fast Retailing Co., Ltd.",,,,,,,index_universe,2026-07-07T20:39:39Z
Fastenal,,,,,,,index_universe,2026-07-07T20:39:30Z
FedEx,,,,,,,index_universe,2026-07-07T20:39:30Z
FedEx Freight,,,,,,,index_universe,2026-07-07T20:39:30Z
Federal Realty Investment Trust,,,,,,,index_universe,2026-07-07T20:39:30Z
Feintool International Holding AG,529900AUNJ8C37482692,CHE100251293,CH,Lyss,CH-BE,none,gleif,2026-07-19T02:41:09Z
Ferrari,,,Netherlands,,,,index_universe,2026-07-07T20:39:38Z
Fidelity National Information Services,,,,,,,index_universe,2026-07-07T20:39:30Z
Fifth Third Bancorp,,,US,,,,index_universe,2026-07-07T20:39:30Z
First Quantum Minerals Ltd.,,,,,,,index_universe,2026-07-07T20:39:33Z
First Solar,,,,,,,index_universe,2026-07-07T20:39:30Z
FirstEnergy,,,,,,,index_universe,2026-07-07T20:39:30Z
FirstService Corporation,,,,,,,index_universe,2026-07-07T20:39:33Z
Fiserv,,,,,,,index_universe,2026-07-07T20:39:30Z
Fisher & Paykel Healthcare,,,,,,,index_universe,2026-07-07T20:39:42Z
Flex Ltd.,,,,,,,index_universe,2026-07-07T20:39:30Z
Flughafen Zürich AG,529900PFO97GCN5SYB55,CHE101921104,CH,Zürich,CH-ZH,none,gleif,2026-07-19T02:41:24Z
Forbo Holding AG,506700HR073894C16243,CHE102337497,CH,Baar,CH-ZG,none,gleif,2026-07-19T02:41:06Z
Ford Motor Company,,,,,,,index_universe,2026-07-07T20:39:30Z
Fortescue,,,,,,,index_universe,2026-07-07T20:39:42Z
Fortinet,,,,,,,index_universe,2026-07-07T20:39:30Z
Fortis Inc.,,,,,,,index_universe,2026-07-07T20:39:33Z
Fortive,,,,,,,index_universe,2026-07-07T20:39:30Z
Fox Corporation (Class A),,,,,,,index_universe,2026-07-07T20:39:30Z
Fox Corporation (Class B),,,,,,,index_universe,2026-07-07T20:39:30Z
Franco-Nevada Corporation,,,,,,,index_universe,2026-07-07T20:39:33Z
Franklin Resources,,,,,,,index_universe,2026-07-07T20:39:30Z
Freeport-McMoRan,,,,,,,index_universe,2026-07-07T20:39:30Z
Fresenius,,,,,,,index_universe,2026-07-07T20:39:34Z
Fresenius Medical Care,,,,,,,index_universe,2026-07-07T20:39:34Z
Fresnillo plc,,,GB,,,,index_universe,2026-07-07T20:39:37Z
"Fuji Electric Co., Ltd.",,,,,,,index_universe,2026-07-07T20:39:39Z
Fujifilm Holdings Corp.,,,,,,,index_universe,2026-07-07T20:39:39Z
Fujikura Ltd.,,,,,,,index_universe,2026-07-07T20:39:39Z
Fujitsu Ltd.,,,,,,,index_universe,2026-07-07T20:39:39Z
"Fukuoka Financial Group, Inc.",,,,,,,index_universe,2026-07-07T20:39:39Z
Fundamenta Real Estate AG,506700IM97Q6VIX86059,CHE113353632,CH,Zug,CH-ZG,none,gleif,2026-07-19T02:41:19Z
GAM HOLDING AG,549300GGVID7ZGDMX291,CHE-107.908.786,CH,Zürich,CH-ZH,none,gleif,2026-07-19T02:41:19Z
GE Aerospace,,,US,,,,index_universe,2026-07-07T20:39:30Z
GE HealthCare,,,,,,,index_universe,2026-07-07T20:39:30Z
GE Vernova,,,,,,,index_universe,2026-07-07T20:39:30Z
GEA Group,,,,,,,index_universe,2026-07-07T20:39:34Z
GIVAUDAN SA,213800SVRMQA1TD91D41,CHE-100.284.341,CH,VERNIER,CH-GE,domicile,gleif,2026-07-19T02:41:09Z
GSK plc,,,GB,,,,index_universe,2026-07-07T20:39:37Z
Galaxy Entertainment Group Ltd.,,,,,,,index_universe,2026-07-07T20:39:40Z
Galderma Group AG,89450001OK6O8ELQ4584,CHE-404.675.624,CH,Zug,,unresolved,gleif,2026-07-19T02:41:31Z
Galenica AG,506700W4772BD8016Z20,CHE397323951,CH,Bern,CH-BE,none,gleif,2026-07-19T02:41:24Z
Games Workshop,,,,,,,index_universe,2026-07-07T20:39:37Z
Garmin,,,,,,,index_universe,2026-07-07T20:39:30Z
Gartner,,,US,,,,index_universe,2026-07-07T20:39:30Z
Geberit AG,52990093Z5OHD6T7BS47,CHE-101.065.474,CH,Jona,CH-SG,none,gleif,2026-07-19T02:41:16Z
Geely Auto,,,,,,,index_universe,2026-07-07T20:39:40Z
Gen Digital,,,,,,,index_universe,2026-07-07T20:39:30Z
Generac,,,,,,,index_universe,2026-07-07T20:39:30Z
General Dynamics,,,,,,,index_universe,2026-07-07T20:39:30Z
General Mills,,,,,,,index_universe,2026-07-07T20:39:30Z
General Motors,,,,,,,index_universe,2026-07-07T20:39:30Z
Genuine Parts Company,,,,,,,index_universe,2026-07-07T20:39:30Z
Georg Fischer AG,529900CMRQYW4U1W2456,CHE-108.778.486,CH,Schaffhausen,CH-SH,none,gleif,2026-07-19T02:41:28Z
George Weston Limited,,,,,,,index_universe,2026-07-07T20:39:33Z
Gildan Activewear Inc.,,,CA,,,,index_universe,2026-07-07T20:39:33Z
Gilead Sciences,,,,,,,index_universe,2026-07-07T20:39:30Z
Glarner Kantonalbank,549300AY225QXN79YF87,CHE-108.954.719,CH,Glarus,CH-GL,none,gleif,2026-07-19T02:41:20Z
Glencore,,,,,,,index_universe,2026-07-07T20:39:37Z
Global Payments,,,,,,,index_universe,2026-07-07T20:39:30Z
Globe Life,,,,,,,index_universe,2026-07-07T20:39:30Z
GoDaddy,,,,,,,index_universe,2026-07-07T20:39:30Z
Goldman Sachs,,,,,,,index_universe,2026-07-07T20:39:30Z
Goodman Group,,,,,,,index_universe,2026-07-07T20:39:42Z
Graubündner Kantonalbank,549300SGCEMX4ZIZ0E76,CHE108954599,CH,Chur,CH-GR,none,gleif,2026-07-19T02:41:05Z
Gurit Holding AG,529900VOD3V5IBEW8G44,CHE-100.058.804,CH,Zürich,CH-ZH,none,gleif,2026-07-19T02:41:28Z
HBM Healthcare Investments AG,549300IFDFSDRT4D3076,CHE-101.849.760,CH,Zug,CH-ZG,none,gleif,2026-07-19T02:41:12Z
HCA Healthcare,,,,,,,index_universe,2026-07-07T20:39:30Z
HIAG IMMOBILIEN HOLDING AG,549300TU2XXQ3TU4KJ11,CHE-102.997.860,CH,BASEL,CH-BS,none,gleif,2026-07-19T02:41:21Z
HKEx Limited,,,,,,,index_universe,2026-07-07T20:39:40Z
HOCHDORF Holding AG,39120041DHBTN0OP5L90,CHE-102.468.656,CH,Hochdorf,CH-LU,none,gleif,2026-07-19T02:41:16Z
HP Inc.,,,,,,,index_universe,2026-07-07T20:39:30Z
HSBC,,,,,,,index_universe,2026-07-07T20:39:37Z
HSBC Holdings plc,,,HK,,,,index_universe,2026-07-07T20:39:40Z
Haidilao,,,,,,,index_universe,2026-07-07T20:39:40Z
Haier,,,,,,,index_universe,2026-07-07T20:39:40Z
Haleon,,,,,,,index_universe,2026-07-07T20:39:37Z
Halliburton,,,,,,,index_universe,2026-07-07T20:39:30Z
Halma plc,,,,,,,index_universe,2026-07-07T20:39:37Z
Hang Lung Properties Limited,,,HK,,,,index_universe,2026-07-07T20:39:40Z
Hannover Re,,,,,,,index_universe,2026-07-07T20:39:34Z
Hansoh Pharmaceutical Group,,,,,,,index_universe,2026-07-07T20:39:40Z
Hartford (The),,,,,,,index_universe,2026-07-07T20:39:30Z
Hasbro,,,,,,,index_universe,2026-07-07T20:39:30Z
Haseko Corp.,,,,,,,index_universe,2026-07-07T20:39:39Z
Healthpeak Properties,,,,,,,index_universe,2026-07-07T20:39:30Z
Heidelberg Materials,,,,,,,index_universe,2026-07-07T20:39:34Z
Helvetia Baloise Holding AG,529900SUJBXTORH0LT80,CHE103479504,CH,St. Gallen,CH-SG,none,gleif,2026-07-19T02:41:25Z
Henderson Land Development Company Limited,,,HK,,,,index_universe,2026-07-07T20:39:40Z
Hengan International Group Co. Ltd,,,,,,,index_universe,2026-07-07T20:39:40Z
Henkel,,,,,,,index_universe,2026-07-07T20:39:34Z
Henry Schein,,,,,,,index_universe,2026-07-07T20:39:30Z
Hermès,,,France,,,,index_universe,2026-07-07T20:39:38Z
Hershey Company (The),,,,,,,index_universe,2026-07-07T20:39:30Z
Hewlett Packard Enterprise,,,,,,,index_universe,2026-07-07T20:39:30Z
Highlight Event and Entertainment AG,8945004QLKQVCN5CHD75,CHE101287661,CH,Pratteln,CH-BL,none,gleif,2026-07-19T02:41:06Z
Hilton Worldwide,,,,,,,index_universe,2026-07-07T20:39:30Z
Hiscox,,,,,,,index_universe,2026-07-07T20:39:37Z
"Hitachi Construction Machinery Co., Ltd.",,,,,,,index_universe,2026-07-07T20:39:39Z
"Hitachi, Ltd.",,,,,,,index_universe,2026-07-07T20:39:39Z
Holcim AG,529900EHPFPYHV6IQO98,CHE100136893,CH,Zug,CH-ZG,none,gleif,2026-07-19T02:41:10Z
Home Depot (The),,,,,,,index_universe,2026-07-07T20:39:30Z
"Honda Motor Co., Ltd.",,,,,,,index_universe,2026-07-07T20:39:39Z
Honeywell Aerospace,,,,,,,index_universe,2026-07-07T20:39:30Z
Honeywell Technologies,,,,,,,index_universe,2026-07-07T20:39:30Z
Hong Kong and China Gas Company Limited,,,,,,,index_universe,2026-07-07T20:39:40Z
Hormel Foods,,,,,,,index_universe,2026-07-07T20:39:30Z
Host Hotels & Resorts,,,,,,,index_universe,2026-07-07T20:39:30Z
Howdens Joinery,,,,,,,index_universe,2026-07-07T20:39:37Z
Howmet Aerospace,,,,,,,index_universe,2026-07-07T20:39:30Z
Hoya Corporation,,,,,,,index_universe,2026-07-07T20:39:39Z
Hubbell Incorporated,,,,,,,index_universe,2026-07-07T20:39:30Z
Huber+Suhner AG,5067007PRZ9OSX7A6787,CHE105815317,CH,Herisau,CH-AR,none,gleif,2026-07-19T02:41:17Z
Humana,,,,,,,index_universe,2026-07-07T20:39:30Z
Huntington Bancshares,,,,,,,index_universe,2026-07-07T20:39:30Z
Huntington Ingalls Industries,,,,,,,index_universe,2026-07-07T20:39:30Z
Hydro One Limited,,,CA,,,,index_universe,2026-07-07T20:39:33Z
Hypothekarbank Lenzburg AG,529900K3915OW75BQR33,CHE105779532,CH,Lenzburg,CH-AG,none,gleif,2026-07-19T02:41:05Z
IBM,,,,,,,index_universe,2026-07-07T20:39:30Z
ICG,,,,,,,index_universe,2026-07-07T20:39:37Z
IDEX Corporation,,,,,,,index_universe,2026-07-07T20:39:30Z
IG Group,,,,,,,index_universe,2026-07-07T20:39:37Z
IHG Hotels & Resorts,,,,,,,index_universe,2026-07-07T20:39:37Z
IHI Corp.,,,,,,,index_universe,2026-07-07T20:39:39Z
IMI,,,,,,,index_universe,2026-07-07T20:39:37Z
INFICON HOLDING AG,5067008UT6890I0YM937,CHE101283338,CH,Bad Ragaz,CH-SG,none,gleif,2026-07-19T02:41:32Z
ING Group,,,Netherlands,,,,index_universe,2026-07-07T20:39:38Z
INTERROLL HOLDING AG,529900MU4QAEI94TB543,CHE-102.123.424,CH,S. Antonino,CH-TI,none,gleif,2026-07-19T02:41:08Z
IQVIA,,,,,,,index_universe,2026-07-07T20:39:30Z
Iberdrola,,,Spain,,,,index_universe,2026-07-07T20:39:38Z
"Idemitsu Kosan Co., Ltd",,,,,,,index_universe,2026-07-07T20:39:39Z
Idexx Laboratories,,,,,,,index_universe,2026-07-07T20:39:30Z
Idorsia Ltd,506700XOVZUB107S5720,CHE340129854,CH,Allschwil,CH-BL,none,gleif,2026-07-19T02:41:24Z
Illinois Tool Works,,,,,,,index_universe,2026-07-07T20:39:30Z
Imperial Brands,,,,,,,index_universe,2026-07-07T20:39:37Z
Imperial Oil Limited,,,,,,,index_universe,2026-07-07T20:39:33Z
Implenia AG,52990006TKCUQQJ79B11,CHE-112.626.997,CH,Glattpark (Opfikon),CH-ZH,none,gleif,2026-07-19T02:41:14Z
Incyte,,,,,,,index_universe,2026-07-07T20:39:30Z
Inditex,,,Spain,,,,index_universe,2026-07-07T20:39:38Z
Industrial and Commercial Bank of China,,,,,,,index_universe,2026-07-07T20:39:40Z
Infineon Technologies,,,Germany,,,,index_universe,2026-07-07T20:39:38Z
Informa,,,,,,,index_universe,2026-07-07T20:39:37Z
Ingersoll Rand,,,,,,,index_universe,2026-07-07T20:39:30Z
Inpex Corp.,,,,,,,index_universe,2026-07-07T20:39:39Z
Insulet Corporation,,,,,,,index_universe,2026-07-07T20:39:30Z
Insurance Australia Group,,,,,,,index_universe,2026-07-07T20:39:42Z
Intact Financial Corporation,,,CA,,,,index_universe,2026-07-07T20:39:33Z
Intel,,,,,,,index_universe,2026-07-07T20:39:30Z
Interactive Brokers,,,,,,,index_universe,2026-07-07T20:39:30Z
Intercontinental Exchange,,,US,,,,index_universe,2026-07-07T20:39:30Z
International Airlines Group,,,,,,,index_universe,2026-07-07T20:39:37Z
International Flavors & Fragrances,,,,,,,index_universe,2026-07-07T20:39:30Z
International Paper,,,,,,,index_universe,2026-07-07T20:39:30Z
Intershop Holding AG,506700CGX4K77JX3R725,CHE103878436,CH,Zürich,CH-ZH,none,gleif,2026-07-19T02:41:31Z
Intertek,,,,,,,index_universe,2026-07-07T20:39:37Z
Intesa Sanpaolo,,,Italy,,,,index_universe,2026-07-07T20:39:38Z
Intuit,,,,,,,index_universe,2026-07-07T20:39:30Z
Intuitive Surgical,,,,,,,index_universe,2026-07-07T20:39:30Z
Invesco,,,,,,,index_universe,2026-07-07T20:39:30Z
Investec,,,,,,,index_universe,2026-07-07T20:39:37Z
Investis Holding SA,506700GG126O0G9S5W59,CHE137077813,CH,Zürich,CH-ZH,none,gleif,2026-07-19T02:41:24Z
Invitation Homes,,,,,,,index_universe,2026-07-07T20:39:30Z
Iron Mountain,,,,,,,index_universe,2026-07-07T20:39:30Z
Isetan Mitsukoshi Holdings Ltd.,,,,,,,index_universe,2026-07-07T20:39:39Z
Isuzu Motors Ltd.,,,,,,,index_universe,2026-07-07T20:39:39Z
Itochu Corp.,,,,,,,index_universe,2026-07-07T20:39:39Z
"J. Front Retailing Co., Ltd.",,,,,,,index_universe,2026-07-07T20:39:39Z
J.B. Hunt,,,,,,,index_universe,2026-07-07T20:39:30Z
J.M. Smucker Company (The),,,,,,,index_universe,2026-07-07T20:39:30Z
JB Hi-Fi,,,,,,,index_universe,2026-07-07T20:39:42Z
JD Health,,,,,,,index_universe,2026-07-07T20:39:40Z
JD Logistics,,,,,,,index_universe,2026-07-07T20:39:40Z
JD Sports,,,,,,,index_universe,2026-07-07T20:39:37Z
JD.com,,,,,,,index_universe,2026-07-07T20:39:40Z
"JFE Holdings, Inc.",,,,,,,index_universe,2026-07-07T20:39:39Z
JGC Corporation,,,,,,,index_universe,2026-07-07T20:39:39Z
JPMorgan Chase,,,,,,,index_universe,2026-07-07T20:39:30Z
JTEKT Corp.,,,,,,,index_universe,2026-07-07T20:39:39Z
JUNGFRAUBAHN HOLDING AG,5067009MCPE99B3E4489,CHE102239771,CH,Interlaken,CH-BE,none,gleif,2026-07-19T02:41:13Z
Jabil,,,,,,,index_universe,2026-07-07T20:39:30Z
Jack Henry & Associates,,,,,,,index_universe,2026-07-07T20:39:30Z
Jacobs Solutions,,,US,,,,index_universe,2026-07-07T20:39:30Z
James Hardie,,,,,,,index_universe,2026-07-07T20:39:42Z
"Japan Airlines Co., Ltd.",,,,,,,index_universe,2026-07-07T20:39:39Z
Japan Exchange Group Inc.,,,,,,,index_universe,2026-07-07T20:39:39Z
"Japan Post Holdings Co., Ltd.",,,,,,,index_universe,2026-07-07T20:39:39Z
Japan Tobacco Inc.,,,,,,,index_universe,2026-07-07T20:39:39Z
Johnson & Johnson,,,,,,,index_universe,2026-07-07T20:39:30Z
Johnson Controls,,,,,,,index_universe,2026-07-07T20:39:30Z
Julius Bär Gruppe AG,5299007MF0604ZGJER92,CHE114934412,CH,Zürich,CH-ZH,none,gleif,2026-07-19T02:41:19Z
KDDI Corp.,,,,,,,index_universe,2026-07-07T20:39:39Z
KKR & Co.,,,,,,,index_universe,2026-07-07T20:39:30Z
KLA Corporation,,,,,,,index_universe,2026-07-07T20:39:30Z
Kajima Corp.,,,,,,,index_universe,2026-07-07T20:39:39Z
Kanadevia Corp.,,,,,,,index_universe,2026-07-07T20:39:39Z
Kao Corp.,,,,,,,index_universe,2026-07-07T20:39:39Z
Kardex Holding AG,529900JKKMQ07D6QZ480,CHE102425888,CH,Zürich,CH-ZH,none,gleif,2026-07-19T02:41:19Z
"Kawasaki Heavy Industries, Ltd.",,,,,,,index_universe,2026-07-07T20:39:39Z
"Kawasaki Kisen Kaisha, Ltd.",,,,,,,index_universe,2026-07-07T20:39:39Z
Keio Corp.,,,,,,,index_universe,2026-07-07T20:39:39Z
"Keisei Electric Railway Co., Ltd.",,,,,,,index_universe,2026-07-07T20:39:39Z
Kenvue,,,,,,,index_universe,2026-07-07T20:39:30Z
Kering,,,FR,,,,index_universe,2026-07-07T20:39:36Z
Keurig Dr Pepper,,,,,,,index_universe,2026-07-07T20:39:30Z
KeyCorp,,,,,,,index_universe,2026-07-07T20:39:30Z
Keyence Corp.,,,,,,,index_universe,2026-07-07T20:39:39Z
Keysight Technologies,,,,,,,index_universe,2026-07-07T20:39:30Z
Kikkoman Corp.,,,,,,,index_universe,2026-07-07T20:39:39Z
Kimberly-Clark,,,,,,,index_universe,2026-07-07T20:39:30Z
Kimco Realty,,,,,,,index_universe,2026-07-07T20:39:30Z
Kinder Morgan,,,,,,,index_universe,2026-07-07T20:39:30Z
Kingfisher plc,,,GB,,,,index_universe,2026-07-07T20:39:37Z
Kinross Gold Corporation,,,,,,,index_universe,2026-07-07T20:39:33Z
Kioxia Holdings Corp.,,,,,,,index_universe,2026-07-07T20:39:39Z
"Kirin Holdings Co, Ltd",,,,,,,index_universe,2026-07-07T20:39:39Z
Klingelnberg AG,5299006LD35WX0UCKR92,CHE-106.075.267,CH,Zürich,CH-ZH,none,gleif,2026-07-19T02:41:25Z
"Kobe Steel, Ltd.",,,,,,,index_universe,2026-07-07T20:39:39Z
Komatsu Ltd.,,,,,,,index_universe,2026-07-07T20:39:39Z
Komax Holding AG,529900UID9PCQXLG9479,CHE-103.485.290,CH,Dierikon,CH-LU,none,gleif,2026-07-19T02:41:09Z
Konami Corp.,,,,,,,index_universe,2026-07-07T20:39:39Z
"Konica Minolta Holdings, Inc.",,,,,,,index_universe,2026-07-07T20:39:39Z
Kraft Heinz,,,,,,,index_universe,2026-07-07T20:39:30Z
Kroger,,,,,,,index_universe,2026-07-07T20:39:30Z
Kuaishou,,,,,,,index_universe,2026-07-07T20:39:40Z
Kubota Corp.,,,,,,,index_universe,2026-07-07T20:39:39Z
Kudelski S.A.,549300FKTMFFJ0FCTP58,CHE100125518,CH,Cheseaux-Lausanne,CH-VD,none,gleif,2026-07-19T02:41:12Z
"Kuraray Co., Ltd.",,,,,,,index_universe,2026-07-07T20:39:39Z
Kuros Biosciences AG,5299006U5POB2AVTT709,CHE-104.785.642,CH,Schlieren,CH-ZH,none,gleif,2026-07-19T02:41:24Z
Kyocera Corp.,,,,,,,index_universe,2026-07-07T20:39:39Z
"Kyowa Hakko Kirin Co., Ltd.",,,,,,,index_universe,2026-07-07T20:39:39Z
Kühne + Nagel International AG,529900Q0YED3805QXQ66,CHE101862298,CH,Schindellegi,CH-SZ,none,gleif,2026-07-19T02:41:16Z
L'Oréal,,,France,,,,index_universe,2026-07-07T20:39:38Z
L3Harris,,,,,,,index_universe,2026-07-07T20:39:30Z
LEM HOLDING SA,5067008AF2B2C5O7TJ43,CHE103334260,CH,Meyrin,CH-GE,domicile,gleif,2026-07-19T02:41:14Z
LOGITECH INTERNATIONAL S.A.,549300SN6PRK6IJJC215,CHE-101.502.641,CH,LAUSANNE,CH-VD,none,gleif,2026-07-19T02:41:16Z
LONZA GROUP AG,549300EFW4H2TCZ71055,CHE-106.841.866,CH,BASEL,CH-BS,none,gleif,2026-07-19T02:41:13Z
LUZERNER KANTONALBANK AG,549300C2XKS86VQDGV41,CHE-105.845.092,CH,LUZERN,CH-LU,none,gleif,2026-07-19T02:41:29Z
LVMH,,,,,,,index_universe,2026-07-07T20:39:36Z
LVMH Moët Hennessy Louis Vuitton,,,France,,,,index_universe,2026-07-07T20:39:38Z
LY Corporation,,,,,,,index_universe,2026-07-07T20:39:39Z
Labcorp,,,,,,,index_universe,2026-07-07T20:39:30Z
Lam Research,,,,,,,index_universe,2026-07-07T20:39:30Z
Land Securities,,,,,,,index_universe,2026-07-07T20:39:37Z
Landis+Gyr Group AG,529900PZYVAKCYSLFL19,CHE175843017,CH,Cham,CH-ZG,none,gleif,2026-07-19T02:41:24Z
Las Vegas Sands,,,,,,,index_universe,2026-07-07T20:39:30Z
Lasertec,,,,,,,index_universe,2026-07-07T20:39:39Z
Legal & General,,,,,,,index_universe,2026-07-07T20:39:37Z
Legrand,,,,,,,index_universe,2026-07-07T20:39:36Z
Leidos,,,,,,,index_universe,2026-07-07T20:39:30Z
Lennar,,,,,,,index_universe,2026-07-07T20:39:30Z
Lennox International,,,,,,,index_universe,2026-07-07T20:39:30Z
Lenovo,,,,,,,index_universe,2026-07-07T20:39:40Z
Leonteq AG,254900ZIGEA3M1TF0O96,CHE-113.956.233,CH,Zurich,CH-ZH,none,gleif,2026-07-19T02:41:20Z
Li Auto,,,,,,,index_universe,2026-07-07T20:39:40Z
Li-Ning,,,,,,,index_universe,2026-07-07T20:39:40Z
Liechtensteinische Landesbank Aktiengesellschaft,529900OE1FOAM50XLP72,FL-0001.000.289-1,LI,Vaduz,LI-11,none,gleif,2026-07-19T02:41:32Z
Lilly (Eli),,,,,,,index_universe,2026-07-07T20:39:30Z
Linde plc,,,,,,,index_universe,2026-07-07T20:39:30Z
Link REIT,,,,,,,index_universe,2026-07-07T20:39:40Z
Lion Finance Group,,,,,,,index_universe,2026-07-07T20:39:37Z
Live Nation Entertainment,,,,,,,index_universe,2026-07-07T20:39:30Z
Lloyds Banking Group,,,,,,,index_universe,2026-07-07T20:39:37Z
Loblaw Companies Limited,,,,,,,index_universe,2026-07-07T20:39:33Z
Lockheed Martin,,,,,,,index_universe,2026-07-07T20:39:30Z
Loews Corporation,,,,,,,index_universe,2026-07-07T20:39:30Z
London Stock Exchange Group,,,,,,,index_universe,2026-07-07T20:39:37Z
LondonMetric Property,,,,,,,index_universe,2026-07-07T20:39:37Z
Longfor Properties,,,,,,,index_universe,2026-07-07T20:39:40Z
Lowe's,,,,,,,index_universe,2026-07-07T20:39:30Z
Lululemon Athletica,,,,,,,index_universe,2026-07-07T20:39:30Z
Lumentum,,,,,,,index_universe,2026-07-07T20:39:30Z
Lynas,,,,,,,index_universe,2026-07-07T20:39:42Z
LyondellBasell,,,,,,,index_universe,2026-07-07T20:39:30Z
M&G,,,,,,,index_universe,2026-07-07T20:39:37Z
M&T Bank,,,,,,,index_universe,2026-07-07T20:39:30Z
M3 Inc.,,,,,,,index_universe,2026-07-07T20:39:39Z
MCH Group AG,529900I8ECADX1VM9G14,CHE105825066,CH,Basel,CH-BS,none,gleif,2026-07-19T02:41:17Z
MGM Resorts,,,,,,,index_universe,2026-07-07T20:39:30Z
"MS&AD Insurance Group, Inc.",,,,,,,index_universe,2026-07-07T20:39:39Z
MSCI Inc.,,,,,,,index_universe,2026-07-07T20:39:30Z
MTR Corporation Ltd,,,,,,,index_universe,2026-07-07T20:39:40Z
MTU Aero Engines,,,,,,,index_universe,2026-07-07T20:39:34Z
Macquarie Group,,,,,,,index_universe,2026-07-07T20:39:42Z
Magna International Inc.,,,,,,,index_universe,2026-07-07T20:39:33Z
Manulife Financial Corporation,,,CA,,,,index_universe,2026-07-07T20:39:33Z
Marathon Petroleum,,,,,,,index_universe,2026-07-07T20:39:30Z
Marks & Spencer,,,,,,,index_universe,2026-07-07T20:39:37Z
Marriott International,,,,,,,index_universe,2026-07-07T20:39:30Z
Marsh McLennan,,,US,,,,index_universe,2026-07-07T20:39:30Z
Martin Marietta Materials,,,,,,,index_universe,2026-07-07T20:39:30Z
Marubeni Corp.,,,,,,,index_universe,2026-07-07T20:39:39Z
"Marui Group Co., Ltd.",,,,,,,index_universe,2026-07-07T20:39:39Z
Marvell Technology,,,,,,,index_universe,2026-07-07T20:39:30Z
Masco,,,,,,,index_universe,2026-07-07T20:39:30Z
Mastercard,,,,,,,index_universe,2026-07-07T20:39:30Z
Matador Secondary Private Equity AG,9676007ASJYFQMM4GT15,CHE-112.532.155,CH,Sarnen,CH-OW,none,gleif,2026-07-19T02:41:19Z
Mazda Motor Corp.,,,,,,,index_universe,2026-07-07T20:39:39Z
McCormick & Company,,,,,,,index_universe,2026-07-07T20:39:30Z
McDonald's,,,,,,,index_universe,2026-07-07T20:39:30Z
McKesson Corporation,,,,,,,index_universe,2026-07-07T20:39:30Z
Medacta Group SA,506700P2PFU3A3DROC14,CHE303576887,CH,Castel San Pietro,CH-TI,none,gleif,2026-07-19T02:41:25Z
Medartis Holding AG,506700VUSP6HG3F28846,CHE108689049,CH,Basel,CH-BS,none,gleif,2026-07-19T02:41:25Z
Medibank,,,,,,,index_universe,2026-07-07T20:39:42Z
Medtronic,,,,,,,index_universe,2026-07-07T20:39:30Z
Meier Tobler Group AG,529900M6NVNCK1HZCC03,CHE102374647,CH,Schwerzenbach,CH-ZH,none,gleif,2026-07-19T02:41:20Z
"Meiji Holdings Company, Limited",,,,,,,index_universe,2026-07-07T20:39:39Z
Meituan,,,,,,,index_universe,2026-07-07T20:39:40Z
Melrose Industries,,,,,,,index_universe,2026-07-07T20:39:37Z
Mengniu Dairy,,,,,,,index_universe,2026-07-07T20:39:40Z
Mercari Inc.,,,,,,,index_universe,2026-07-07T20:39:39Z
Mercedes-Benz Group,,,Germany,,,,index_universe,2026-07-07T20:39:38Z
Merck,,,,,,,index_universe,2026-07-07T20:39:34Z
Merck & Co.,,,,,,,index_universe,2026-07-07T20:39:30Z
MetLife,,,,,,,index_universe,2026-07-07T20:39:30Z
Meta Platforms,,,,,,,index_universe,2026-07-07T20:39:30Z
Metall Zug AG,529900X7CXUI05DN7K64,CHE101865948,CH,Zug,CH-ZG,none,gleif,2026-07-19T02:41:17Z
Metlen Energy & Metals,,,,,,,index_universe,2026-07-07T20:39:37Z
Metro Inc.,,,,,,,index_universe,2026-07-07T20:39:33Z
Mettler Toledo,,,,,,,index_universe,2026-07-07T20:39:30Z
Michelin,,,,,,,index_universe,2026-07-07T20:39:36Z
Microchip Technology,,,,,,,index_universe,2026-07-07T20:39:30Z
Micron Technology,,,,,,,index_universe,2026-07-07T20:39:30Z
Microsoft,,,,,,,index_universe,2026-07-07T20:39:30Z
Mid-America Apartment Communities,,,,,,,index_universe,2026-07-07T20:39:30Z
Midea Group,,,,,,,index_universe,2026-07-07T20:39:40Z
Mikron Holding AG,529900I5GINTJ7V7UW36,CHE103931740,CH,Boudry,CH-NE,none,gleif,2026-07-19T02:41:06Z
MindMaze Therapeutics Holding SA,506700IT19260EVD7916,CHE113516874,CH,Genève,CH-GE,domicile,gleif,2026-07-19T02:41:29Z
"MinebeaMitsumi, Inc.",,,,,,,index_universe,2026-07-07T20:39:39Z
Mitsubishi Chemical Holdings Corp.,,,,,,,index_universe,2026-07-07T20:39:39Z
Mitsubishi Corp.,,,,,,,index_universe,2026-07-07T20:39:39Z
Mitsubishi Electric Corp.,,,,,,,index_universe,2026-07-07T20:39:39Z
"Mitsubishi Estate Co., Ltd.",,,,,,,index_universe,2026-07-07T20:39:39Z
"Mitsubishi Heavy Industries, Ltd.",,,,,,,index_universe,2026-07-07T20:39:39Z
Mitsubishi Materials Corp.,,,,,,,index_universe,2026-07-07T20:39:39Z
Mitsubishi Motors Corp.,,,,,,,index_universe,2026-07-07T20:39:39Z
"Mitsubishi UFJ Financial Group, Inc.",,,,,,,index_universe,2026-07-07T20:39:39Z
"Mitsui & Co., Ltd.",,,,,,,index_universe,2026-07-07T20:39:39Z
"Mitsui Chemicals, Inc.",,,,,,,index_universe,2026-07-07T20:39:39Z
"Mitsui Fudosan Co., Ltd",,,,,,,index_universe,2026-07-07T20:39:39Z
"Mitsui Mining & Smelting Co., Ltd.",,,,,,,index_universe,2026-07-07T20:39:39Z
"Mitsui O.S.K. Lines, Ltd.",,,,,,,index_universe,2026-07-07T20:39:39Z
"Mizuho Financial Group, Inc.",,,,,,,index_universe,2026-07-07T20:39:39Z
Mobimo Holding AG,50670018HN8O1GD3O385,CHE101185173,CH,Luzern 7,CH-LU,none,gleif,2026-07-19T02:41:09Z
Moderna,,,,,,,index_universe,2026-07-07T20:39:30Z
Molecular Partners AG,875500AXMLDAZ4D21744,CHE-112.115.136,CH,Schlieren,CH-ZH,none,gleif,2026-07-19T02:41:23Z
Molson Coors Beverage Company,,,,,,,index_universe,2026-07-07T20:39:30Z
Mondelez International,,,,,,,index_universe,2026-07-07T20:39:30Z
Monolithic Power Systems,,,,,,,index_universe,2026-07-07T20:39:30Z
Monster Beverage,,,,,,,index_universe,2026-07-07T20:39:30Z
Montana Aerospace AG,506700YRG9330Q97U450,CHE248340671,CH,Reinach AG,CH-AG,none,gleif,2026-07-19T02:41:28Z
Moody's Corporation,,,,,,,index_universe,2026-07-07T20:39:30Z
Morgan Stanley,,,US,,,,index_universe,2026-07-07T20:39:30Z
Mosaic Company (The),,,,,,,index_universe,2026-07-07T20:39:30Z
Motorola Solutions,,,,,,,index_universe,2026-07-07T20:39:30Z
"Muji Co., Ltd",,,,,,,index_universe,2026-07-07T20:39:39Z
Munich Re,,,Germany,,,,index_universe,2026-07-07T20:39:38Z
"Murata Manufacturing Co., Ltd.",,,,,,,index_universe,2026-07-07T20:39:39Z
NEC Corp.,,,,,,,index_universe,2026-07-07T20:39:39Z
NESTLÉ S.A.,KY37LUS27QQX7BB93L28,CHE-105.909.036,CH,VEVEY,CH-VD,none,gleif,2026-07-19T02:41:17Z
"NGK Insulators, Ltd.",,,,,,,index_universe,2026-07-07T20:39:39Z
NH Foods Ltd.,,,,,,,index_universe,2026-07-07T20:39:39Z
NOVARTIS AG,5493007HIVTX6SY6XD66,CHE-103.867.266,CH,Basel,CH-BS,none,gleif,2026-07-19T02:41:10Z
NRG Energy,,,,,,,index_universe,2026-07-07T20:39:30Z
NSK Ltd.,,,,,,,index_universe,2026-07-07T20:39:39Z
NTN Corp.,,,,,,,index_universe,2026-07-07T20:39:39Z
"NVR, Inc.",,,,,,,index_universe,2026-07-07T20:39:30Z
NXP Semiconductors,,,,,,,index_universe,2026-07-07T20:39:30Z
"Nasdaq, Inc.",,,,,,,index_universe,2026-07-07T20:39:30Z
NatWest Group,,,,,,,index_universe,2026-07-07T20:39:37Z
National Australia Bank,,,,,,,index_universe,2026-07-07T20:39:42Z
National Bank of Canada,,,,,,,index_universe,2026-07-07T20:39:33Z
National Grid plc,,,GB,,,,index_universe,2026-07-07T20:39:37Z
NetApp,,,,,,,index_universe,2026-07-07T20:39:30Z
NetEase,,,,,,,index_universe,2026-07-07T20:39:40Z
Netflix,,,,,,,index_universe,2026-07-07T20:39:30Z
Newmont,,,,,,,index_universe,2026-07-07T20:39:42Z
News Corp,,,,,,,index_universe,2026-07-07T20:39:42Z
News Corp (Class A),,,,,,,index_universe,2026-07-07T20:39:30Z
News Corp (Class B),,,,,,,index_universe,2026-07-07T20:39:30Z
"Nexon Co., Ltd.",,,,,,,index_universe,2026-07-07T20:39:39Z
Next plc,,,GB,,,,index_universe,2026-07-07T20:39:37Z
NextEra Energy,,,,,,,index_universe,2026-07-07T20:39:30Z
NiSource,,,,,,,index_universe,2026-07-07T20:39:30Z
Nichirei Corp.,,,,,,,index_universe,2026-07-07T20:39:39Z
Nidec,,,,,,,index_universe,2026-07-07T20:39:39Z
"Nike, Inc.",,,,,,,index_universe,2026-07-07T20:39:30Z
Nikon Corp.,,,,,,,index_universe,2026-07-07T20:39:39Z
"Nintendo Co., Ltd.",,,,,,,index_universe,2026-07-07T20:39:39Z
"Nippon Electric Glass Co., Ltd.",,,,,,,index_universe,2026-07-07T20:39:39Z
Nippon Express Holdings Inc.,,,,,,,index_universe,2026-07-07T20:39:39Z
Nippon Steel Corp.,,,,,,,index_universe,2026-07-07T20:39:39Z
Nippon Telegraph & Telephone Corp.,,,,,,,index_universe,2026-07-07T20:39:39Z
Nippon Yusen K.K.,,,,,,,index_universe,2026-07-07T20:39:39Z
"Nissan Chemical Industries, Ltd.",,,,,,,index_universe,2026-07-07T20:39:39Z
"Nissan Motor Co., Ltd.",,,,,,,index_universe,2026-07-07T20:39:39Z
Nisshin Seifun Group Inc.,,,,,,,index_universe,2026-07-07T20:39:39Z
Nissui Corporation,,,,,,,index_universe,2026-07-07T20:39:39Z
"Nitori Holdings Co., Ltd.",,,,,,,index_universe,2026-07-07T20:39:39Z
Nitto Denko,,,,,,,index_universe,2026-07-07T20:39:39Z
"Nomura Holdings, Inc.",,,,,,,index_universe,2026-07-07T20:39:39Z
Nomura Research Institute Ltd.,,,,,,,index_universe,2026-07-07T20:39:39Z
Nongfu Spring,,,,,,,index_universe,2026-07-07T20:39:40Z
Nordea,,,Finland,,,,index_universe,2026-07-07T20:39:38Z
Nordson Corporation,,,,,,,index_universe,2026-07-07T20:39:30Z
Norfolk Southern,,,,,,,index_universe,2026-07-07T20:39:30Z
Northern Star Resources,,,,,,,index_universe,2026-07-07T20:39:42Z
Northern Trust,,,,,,,index_universe,2026-07-07T20:39:30Z
Northrop Grumman,,,,,,,index_universe,2026-07-07T20:39:30Z
Norwegian Cruise Line Holdings,,,,,,,index_universe,2026-07-07T20:39:30Z
Novavest Real Estate AG,50670091T3297YN83C32,CHE287294566,CH,Zürich,CH-ZH,none,gleif,2026-07-19T02:41:21Z
Nucor,,,,,,,index_universe,2026-07-07T20:39:30Z
Nutrien Ltd.,,,,,,,index_universe,2026-07-07T20:39:33Z
Nvidia,,,,,,,index_universe,2026-07-07T20:39:30Z
"OC Oerlikon Corporation AG, Pfäffikon",529900I8VLAZR2FJ0M10,CHE103488578,CH,Pfäffikon SZ,CH-SZ,none,gleif,2026-07-19T02:41:05Z
ON Semiconductor,,,,,,,index_universe,2026-07-07T20:39:30Z
Obayashi Corp.,,,,,,,index_universe,2026-07-07T20:39:39Z
Occidental Petroleum,,,,,,,index_universe,2026-07-07T20:39:30Z
"Odakyu Electric Railway Co., Ltd.",,,,,,,index_universe,2026-07-07T20:39:39Z
Oji Holdings Corporation,,,,,,,index_universe,2026-07-07T20:39:39Z
"Okuma Holdings, Inc.",,,,,,,index_universe,2026-07-07T20:39:39Z
Old Dominion,,,,,,,index_universe,2026-07-07T20:39:30Z
Olympus Corp.,,,,,,,index_universe,2026-07-07T20:39:39Z
Omnicom Group,,,,,,,index_universe,2026-07-07T20:39:30Z
Omron Corp.,,,,,,,index_universe,2026-07-07T20:39:39Z
Oneok,,,,,,,index_universe,2026-07-07T20:39:30Z
Open Text Corporation,,,,,,,index_universe,2026-07-07T20:39:33Z
Oracle Corporation,,,,,,,index_universe,2026-07-07T20:39:30Z
Orange,,,,,,,index_universe,2026-07-07T20:39:36Z
Orell Füssli AG,5067005U9Z97T4PWVC13,CHE105838494,CH,Zürich,CH-ZH,none,gleif,2026-07-19T02:41:06Z
Orient Overseas (International) Limited,,,HK,,,,index_universe,2026-07-07T20:39:40Z
"Oriental Land Co., Ltd.",,,,,,,index_universe,2026-07-07T20:39:39Z
Origin Energy,,,,,,,index_universe,2026-07-07T20:39:42Z
Orior AG,50670020I84ZA17K9522,CHE113034902,CH,Zürich,CH-ZH,none,gleif,2026-07-19T02:41:19Z
Orix Co.,,,,,,,index_universe,2026-07-07T20:39:39Z
"Osaka Gas Co., Ltd.",,,,,,,index_universe,2026-07-07T20:39:39Z
Otis Worldwide,,,,,,,index_universe,2026-07-07T20:39:30Z
"Otsuka Holdings Co., Ltd.",,,,,,,index_universe,2026-07-07T20:39:39Z
O’Reilly Automotive,,,,,,,index_universe,2026-07-07T20:39:30Z
PG&E Corporation,,,US,,,,index_universe,2026-07-07T20:39:30Z
PLAZZA AG,50670040KK2FWN321957,CHE450491665,CH,Zürich,CH-ZH,none,gleif,2026-07-19T02:41:23Z
PNC Financial Services,,,,,,,index_universe,2026-07-07T20:39:30Z
PPG Industries,,,,,,,index_universe,2026-07-07T20:39:30Z
PPL Corporation,,,US,,,,index_universe,2026-07-07T20:39:30Z
PSP Swiss Property AG,50670042Y437P8X44F56,CHE101126621,CH,Zug,CH-ZG,none,gleif,2026-07-19T02:41:13Z
PTC Inc.,,,,,,,index_universe,2026-07-07T20:39:30Z
Paccar,,,,,,,index_universe,2026-07-07T20:39:30Z
Packaging Corporation of America,,,,,,,index_universe,2026-07-07T20:39:30Z
Palantir Technologies,,,,,,,index_universe,2026-07-07T20:39:30Z
Palo Alto Networks,,,,,,,index_universe,2026-07-07T20:39:30Z
Pan Pacific International Holdings Corp.,,,,,,,index_universe,2026-07-07T20:39:39Z
Panasonic Corp.,,,,,,,index_universe,2026-07-07T20:39:39Z
Paramount Skydance Corporation,,,,,,,index_universe,2026-07-07T20:39:30Z
Parker Hannifin,,,,,,,index_universe,2026-07-07T20:39:30Z
Partners Group Holding AG,549300I3IVVWZWDHI788,CHE-108.562.489,CH,Baar,CH-ZG,none,gleif,2026-07-19T02:41:14Z
PayPal,,,,,,,index_universe,2026-07-07T20:39:30Z
Paychex,,,,,,,index_universe,2026-07-07T20:39:30Z
Peach Property Group AG,506700A49L5C69NZ5J96,CHE-101.066.456,CH,Zürich,CH-ZH,none,gleif,2026-07-19T02:41:19Z
Pearson plc,,,GB,,,,index_universe,2026-07-07T20:39:37Z
Pembina Pipeline Corporation,,,,,,,index_universe,2026-07-07T20:39:33Z
Pentair,,,,,,,index_universe,2026-07-07T20:39:30Z
PepsiCo,,,,,,,index_universe,2026-07-07T20:39:30Z
"PepsiCo, Inc.",FJSUNZKFNQ5YPJ5OT455,0198463,US,Harrison,US-NY,none,gleif,2026-07-19T02:41:34Z
Pernod Ricard,,,FR,,,,index_universe,2026-07-07T20:39:36Z
Pershing Square Holdings,,,,,,,index_universe,2026-07-07T20:39:37Z
Persimmon,,,,,,,index_universe,2026-07-07T20:39:37Z
PetroChina Company Limited,,,,,,,index_universe,2026-07-07T20:39:40Z
Pfizer,,,,,,,index_universe,2026-07-07T20:39:30Z
Philip Morris International,,,,,,,index_universe,2026-07-07T20:39:30Z
Philip Morris International Inc.,HL3H1H2BGXWVG3BSWR90,06702815,US,Stamford,US-CT,none,gleif,2026-07-19T02:41:34Z
Phillips 66,,,US,,,,index_universe,2026-07-07T20:39:30Z
Phoenix Mecano AG,529900SWF06EKVI1JY11,CHE-102.645.326,CH,Stein am Rhein,CH-SH,none,gleif,2026-07-19T02:41:29Z
Ping An Insurance,,,,,,,index_universe,2026-07-07T20:39:40Z
Pinnacle West Capital,,,,,,,index_universe,2026-07-07T20:39:30Z
Polar Capital Technology Trust,,,,,,,index_universe,2026-07-07T20:39:37Z
PolyPeptide Group AG,5067007JCKTPOX4G9758,CHE159266771,CH,Baar,CH-ZG,none,gleif,2026-07-19T02:41:28Z
Pop Mart,,,,,,,index_universe,2026-07-07T20:39:40Z
Porsche SE,,,,,,,index_universe,2026-07-07T20:39:34Z
Power Assets Holdings Limited,,,HK,,,,index_universe,2026-07-07T20:39:40Z
Power Corporation of Canada,,,CA,,,,index_universe,2026-07-07T20:39:33Z
Principal Financial Group,,,,,,,index_universe,2026-07-07T20:39:30Z
Private Equity Holding AG,391200H19VBZIPBJ0N98,CHE104406927,CH,Zürich,CH-ZH,none,gleif,2026-07-19T02:41:08Z
Pro Medicus,,,,,,,index_universe,2026-07-07T20:39:42Z
Procter & Gamble,,,,,,,index_universe,2026-07-07T20:39:30Z
Progressive Corporation,,,,,,,index_universe,2026-07-07T20:39:30Z
Prologis,,,,,,,index_universe,2026-07-07T20:39:30Z
Prosus,,,Netherlands,,,,index_universe,2026-07-07T20:39:38Z
Prudential Financial,,,,,,,index_universe,2026-07-07T20:39:30Z
Prudential plc,,,,,,,index_universe,2026-07-07T20:39:37Z
Public Service Enterprise Group,,,,,,,index_universe,2026-07-07T20:39:30Z
Public Storage,,,,,,,index_universe,2026-07-07T20:39:30Z
Publicis,,,,,,,index_universe,2026-07-07T20:39:36Z
PulteGroup,,,,,,,index_universe,2026-07-07T20:39:30Z
QBE Insurance,,,,,,,index_universe,2026-07-07T20:39:42Z
Qantas,,,,,,,index_universe,2026-07-07T20:39:42Z
Qiagen,,,,,,,index_universe,2026-07-07T20:39:34Z
Qnity Electronics,,,,,,,index_universe,2026-07-07T20:39:30Z
Qualcomm,,,,,,,index_universe,2026-07-07T20:39:30Z
Quanta Services,,,,,,,index_universe,2026-07-07T20:39:30Z
Quest Diagnostics,,,,,,,index_universe,2026-07-07T20:39:30Z
R&S Group Holding AG,549300BKHOM0Y2GJZJ41,CHE499708558,CH,Pfäffikon SZ,CH-SZ,none,gleif,2026-07-19T02:41:28Z
REA Group,,,,,,,index_universe,2026-07-07T20:39:42Z
RELX,,,,,,,index_universe,2026-07-07T20:39:37Z
RTX Corporation,,,,,,,index_universe,2026-07-07T20:39:30Z
RWE,,,,,,,index_universe,2026-07-07T20:39:34Z
Rakuten Inc.,,,,,,,index_universe,2026-07-07T20:39:39Z
Ralph Lauren Corporation,,,,,,,index_universe,2026-07-07T20:39:30Z
Raymond James Financial,,,,,,,index_universe,2026-07-07T20:39:30Z
Realty Income,,,,,,,index_universe,2026-07-07T20:39:30Z
Reckitt,,,,,,,index_universe,2026-07-07T20:39:37Z
"Recruit Holdings Co., Ltd.",,,,,,,index_universe,2026-07-07T20:39:39Z
Regency Centers,,,,,,,index_universe,2026-07-07T20:39:30Z
Regeneron Pharmaceuticals,,,,,,,index_universe,2026-07-07T20:39:30Z
Regions Financial Corporation,,,,,,,index_universe,2026-07-07T20:39:30Z
Renault,,,,,,,index_universe,2026-07-07T20:39:36Z
Renesas Electronics,,,,,,,index_universe,2026-07-07T20:39:39Z
Rentokil Initial,,,,,,,index_universe,2026-07-07T20:39:37Z
Republic Services,,,,,,,index_universe,2026-07-07T20:39:30Z
ResMed,,,,,,,index_universe,2026-07-07T20:39:42Z
"Resona Holdings, Inc.",,,,,,,index_universe,2026-07-07T20:39:39Z
Resonac Corp.,,,,,,,index_universe,2026-07-07T20:39:39Z
Restaurant Brands International Inc.,,,,,,,index_universe,2026-07-07T20:39:33Z
Revvity,,,,,,,index_universe,2026-07-07T20:39:30Z
Rheinmetall,,,Germany,,,,index_universe,2026-07-07T20:39:38Z
"Ricoh Co., Ltd.",,,,,,,index_universe,2026-07-07T20:39:39Z
Rieter Holding AG,529900SNR4JQCSACBN29,CHE100672789,CH,Winterthur,CH-ZH,none,gleif,2026-07-19T02:41:06Z
Rio Tinto,,,,,,,index_universe,2026-07-07T20:39:42Z
Robinhood Markets,,,,,,,index_universe,2026-07-07T20:39:30Z
Roche Holding AG,549300U41AUUVOAAOB37,CHE101602521,CH,Basel,CH-BS,none,gleif,2026-07-19T02:41:32Z
Rockwell Automation,,,,,,,index_universe,2026-07-07T20:39:30Z
Rogers Communications Inc.,,,,,,,index_universe,2026-07-07T20:39:33Z
"Rohm Co., Ltd.",,,,,,,index_universe,2026-07-07T20:39:39Z
"Rollins, Inc.",,,,,,,index_universe,2026-07-07T20:39:30Z
Rolls-Royce Holdings,,,,,,,index_universe,2026-07-07T20:39:37Z
Romande Energie Holding SA,9676008XQ71KDFYUC315,CHE-100.913.036,CH,Morges,CH-VD,none,gleif,2026-07-19T02:41:29Z
Roper Technologies,,,,,,,index_universe,2026-07-07T20:39:30Z
Ross Stores,,,,,,,index_universe,2026-07-07T20:39:30Z
Royal Bank of Canada,,,,,,,index_universe,2026-07-07T20:39:33Z
Royal Caribbean Group,,,,,,,index_universe,2026-07-07T20:39:30Z
S&P Global,,,,,,,index_universe,2026-07-07T20:39:30Z
SANTHERA PHARMACEUTICALS HOLDING AG,54930035HAOFTTQH0U85,CHE-105.388.338,CH,PRATTELN,CH-BL,none,gleif,2026-07-19T02:41:31Z
SAP,,,Germany,,,,index_universe,2026-07-07T20:39:38Z
SBA Communications,,,,,,,index_universe,2026-07-07T20:39:30Z
SCREEN Holdings,,,,,,,index_universe,2026-07-07T20:39:39Z
SF URBAN PROPERTIES AG,2138009LVDKNZ3WF7R21,CHE-109.373.270,CH,ZURICH,CH-AG,none,gleif,2026-07-19T02:41:17Z
SFS Group AG,391200RQ38WAM4BJBO16,CHE103670002,CH,Heerbrugg,CH-SG,none,gleif,2026-07-19T02:41:21Z
SGS SA,2138007JNS19JHNA2336,CHE-105.923.438,CH,BAAR,CH-ZG,none,gleif,2026-07-19T02:41:29Z
SHIFT Inc.,,,,,,,index_universe,2026-07-07T20:39:39Z
SIG GROUP AG,5493004Z6P7TSVB1L042,CHE-173.759.908,CH,Neuhausen am Rheinfall,CH-SH,none,gleif,2026-07-19T02:41:25Z
SKAN Group AG,506700N25H370ZSEFR11,CHE109404396,CH,Allschwil,CH-BL,none,gleif,2026-07-19T02:41:13Z
SMC Corporation,,,,,,,index_universe,2026-07-07T20:39:39Z
SMG Swiss Marketplace Group Holding AG,506700N2391DVRZ4MZ72,CHE288041890,CH,Zürich,CH-ZH,none,gleif,2026-07-19T02:41:32Z
SSE plc,,,GB,,,,index_universe,2026-07-07T20:39:37Z
STMicroelectronics,,,,,,,index_universe,2026-07-07T20:39:36Z
SUMCO Corp.,,,,,,,index_universe,2026-07-07T20:39:39Z
SUNRISE COMMUNICATIONS AG,213800RS9HRGTWOGCO08,CHE-150.756.750,CH,GLATTPARK (OPFIKON),CH-ZH,none,gleif,2026-07-19T02:41:31Z
SWISS RE AG,529900PS9YW3YY29F326,CHE-191.546.434,CH,ZURICH,CH-ZH,none,gleif,2026-07-19T02:41:20Z
SWISSQUOTE GROUP HOLDING SA,549300O3WME82RDPEN66,CHE-101.092.873,CH,GLAND,CH-VD,none,gleif,2026-07-19T02:41:32Z
Safran,,,France,,,,index_universe,2026-07-07T20:39:38Z
Sage Group,,,,,,,index_universe,2026-07-07T20:39:37Z
Sainsbury's,,,,,,,index_universe,2026-07-07T20:39:37Z
Saint-Gobain,,,France,,,,index_universe,2026-07-07T20:39:38Z
Salesforce,,,,,,,index_universe,2026-07-07T20:39:30Z
Sandisk,,,,,,,index_universe,2026-07-07T20:39:30Z
Sandoz Group AG,5493000JWK6XWFEUD320,CHE433164136,CH,Rotkreuz,CH-ZG,none,gleif,2026-07-19T02:41:29Z
Sands China,,,,,,,index_universe,2026-07-07T20:39:40Z
Sanofi,,,France,,,,index_universe,2026-07-07T20:39:38Z
Santos,,,,,,,index_universe,2026-07-07T20:39:42Z
Sapporo Holdings Ltd.,,,,,,,index_universe,2026-07-07T20:39:39Z
Saputo Inc.,,,,,,,index_universe,2026-07-07T20:39:33Z
Scentre Group,,,,,,,index_universe,2026-07-07T20:39:42Z
Schindler Holding AG,5299007DRLI319H7Q933,CHE-101.862.654,CH,Hergiswil NW,CH-NW,none,gleif,2026-07-19T02:41:16Z
Schlumberger,,,,,,,index_universe,2026-07-07T20:39:30Z
Schneider Electric,,,France,,,,index_universe,2026-07-07T20:39:38Z
Schroders,,,,,,,index_universe,2026-07-07T20:39:37Z
Schweiter Technologies AG,894500D6OYCP8P8P7317,CHE100042878,CH,Steinhausen,CH-ZG,none,gleif,2026-07-19T02:41:29Z
Schweizerische Nationalbank,LKAJX4ZOK2R6D9THVO59,CHE105944570,CH,Zürich,CH-ZH,none,gleif,2026-07-19T02:41:05Z
Scottish Mortgage Investment Trust,,,,,,,index_universe,2026-07-07T20:39:37Z
Scout24,,,,,,,index_universe,2026-07-07T20:39:34Z
Seagate Technology,,,US,,,,index_universe,2026-07-07T20:39:30Z
"Secom Co., Ltd.",,,,,,,index_universe,2026-07-07T20:39:39Z
Segro,,,,,,,index_universe,2026-07-07T20:39:37Z
Seiko Epson Corp.,,,,,,,index_universe,2026-07-07T20:39:39Z
"Sekisui House, Ltd.",,,,,,,index_universe,2026-07-07T20:39:39Z
Semiconductor Manufacturing International Corporation,,,HK,,,,index_universe,2026-07-07T20:39:40Z
Sempra,,,,,,,index_universe,2026-07-07T20:39:30Z
Sensirion Holding AG,894500ANJ9YNE8YCTT04,CHE104836469,CH,Stäfa,CH-ZH,none,gleif,2026-07-19T02:41:25Z
ServiceNow,,,,,,,index_universe,2026-07-07T20:39:30Z
"Seven & I Holdings Co., Ltd.",,,,,,,index_universe,2026-07-07T20:39:39Z
Seven Group Holdings,,,,,,,index_universe,2026-07-07T20:39:42Z
Severn Trent,,,,,,,index_universe,2026-07-07T20:39:37Z
Sharp Corporation,,,,,,,index_universe,2026-07-07T20:39:39Z
Shell plc,,,GB,,,,index_universe,2026-07-07T20:39:37Z
Shenzhou International,,,,,,,index_universe,2026-07-07T20:39:40Z
Sherwin-Williams,,,,,,,index_universe,2026-07-07T20:39:30Z
Shimizu Corp.,,,,,,,index_universe,2026-07-07T20:39:39Z
"Shin-Etsu Chemical Co., Ltd.",,,,,,,index_universe,2026-07-07T20:39:39Z
"Shionogi & Co., Ltd.",,,,,,,index_universe,2026-07-07T20:39:39Z
"Shiseido Co., Ltd.",,,,,,,index_universe,2026-07-07T20:39:39Z
Shizuoka Financial Group,,,,,,,index_universe,2026-07-07T20:39:39Z
Shopify Inc.,,,,,,,index_universe,2026-07-07T20:39:33Z
Siegfried Holding AG,506700J9QD6IF3937W06,CHE102443567,CH,Zofingen,CH-AG,none,gleif,2026-07-19T02:41:31Z
Siemens,,,Germany,,,,index_universe,2026-07-07T20:39:38Z
Siemens Energy,,,Germany,,,,index_universe,2026-07-07T20:39:38Z
Siemens Healthineers,,,,,,,index_universe,2026-07-07T20:39:34Z
Sigma Healthcare,,,,,,,index_universe,2026-07-07T20:39:42Z
Sika AG,549300R3N69ECGYPU434,CHE106919184,CH,Baar,CH-ZG,none,gleif,2026-07-19T02:41:25Z
Simon Property Group,,,,,,,index_universe,2026-07-07T20:39:30Z
Sino Biopharm,,,,,,,index_universe,2026-07-07T20:39:40Z
Sinopec Corp,,,,,,,index_universe,2026-07-07T20:39:40Z
Sinopharm Group,,,,,,,index_universe,2026-07-07T20:39:40Z
Skyworks Solutions,,,,,,,index_universe,2026-07-07T20:39:30Z
Smith & Nephew,,,,,,,index_universe,2026-07-07T20:39:37Z
Smiths Group,,,,,,,index_universe,2026-07-07T20:39:37Z
Smurfit Westrock,,,,,,,index_universe,2026-07-07T20:39:30Z
Snap-on,,,,,,,index_universe,2026-07-07T20:39:30Z
Socionext Inc.,,,,,,,index_universe,2026-07-07T20:39:39Z
Société Générale,,,,,,,index_universe,2026-07-07T20:39:36Z
SoftBank Corp.,,,,,,,index_universe,2026-07-07T20:39:39Z
SoftBank Group Corp.,,,,,,,index_universe,2026-07-07T20:39:39Z
SoftwareOne Holding AG,529900GBI88JKWXLGI05,CHE-384.378.612,CH,Stans,CH-NW,none,gleif,2026-07-19T02:41:27Z
Sojitz Corp.,,,,,,,index_universe,2026-07-07T20:39:39Z
Solventum,,,,,,,index_universe,2026-07-07T20:39:30Z
"Sompo Holdings, Inc.",,,,,,,index_universe,2026-07-07T20:39:39Z
Sonova Holding AG,5299004A0QNX7FBNHS61,CHE100818478,CH,Stäfa,CH-ZH,none,gleif,2026-07-19T02:41:12Z
Sony Corp.,,,,,,,index_universe,2026-07-07T20:39:39Z
Soul Patts,,,,,,,index_universe,2026-07-07T20:39:42Z
South32,,,,,,,index_universe,2026-07-07T20:39:42Z
Southern Company,,,US,,,,index_universe,2026-07-07T20:39:30Z
Southwest Airlines,,,,,,,index_universe,2026-07-07T20:39:30Z
Spirax Group,,,,,,,index_universe,2026-07-07T20:39:37Z
St. James's Place,,,,,,,index_universe,2026-07-07T20:39:37Z
St.Galler Kantonalbank AG,549300GFRG6OK00RG957,CHE105845146,CH,St. Gallen,CH-SG,none,gleif,2026-07-19T02:41:10Z
Stadler Rail AG,506700781XDET0A89669,CHE101581089,CH,Bussnang,CH-TG,none,gleif,2026-07-19T02:41:05Z
Standard Chartered,,,,,,,index_universe,2026-07-07T20:39:37Z
Standard Life,,,,,,,index_universe,2026-07-07T20:39:37Z
Stanley Black & Decker,,,,,,,index_universe,2026-07-07T20:39:30Z
Starbucks,,,,,,,index_universe,2026-07-07T20:39:30Z
StarragTornos Group AG,506700HT4CY9HM064662,CHE100022315,CH,Rorschacherberg,CH-SG,none,gleif,2026-07-19T02:41:05Z
State Street Corporation,,,,,,,index_universe,2026-07-07T20:39:30Z
Steel Dynamics,,,,,,,index_universe,2026-07-07T20:39:30Z
Stellantis,,,,,,,index_universe,2026-07-07T20:39:36Z
Steris,,,,,,,index_universe,2026-07-07T20:39:30Z
Stockland,,,,,,,index_universe,2026-07-07T20:39:42Z
Straumann Holding AG,50670046ML5FVIM60Z37,CHE101673828,CH,Basel,CH-BS,none,gleif,2026-07-19T02:41:28Z
Stryker Corporation,,,,,,,index_universe,2026-07-07T20:39:30Z
Subaru Corp.,,,,,,,index_universe,2026-07-07T20:39:39Z
Sulzer AG,529900NZ6MAST5IJF669,CHE-102.210.767,CH,Winterthur,CH-ZH,none,gleif,2026-07-19T02:41:17Z
"Sumitomo Chemical Co., Ltd.",,,,,,,index_universe,2026-07-07T20:39:39Z
Sumitomo Corp.,,,,,,,index_universe,2026-07-07T20:39:39Z
"Sumitomo Dainippon Pharma Co., Ltd.",,,,,,,index_universe,2026-07-07T20:39:39Z
"Sumitomo Electric Industries, Ltd.",,,,,,,index_universe,2026-07-07T20:39:39Z
"Sumitomo Heavy Industries, Ltd.",,,,,,,index_universe,2026-07-07T20:39:39Z
"Sumitomo Metal Mining Co., Ltd.",,,,,,,index_universe,2026-07-07T20:39:39Z
"Sumitomo Mitsui Financial Group, Inc.",,,,,,,index_universe,2026-07-07T20:39:39Z
"Sumitomo Mitsui Trust Holdings, Inc.",,,,,,,index_universe,2026-07-07T20:39:39Z
"Sumitomo Realty & Development Co., Ltd.",,,,,,,index_universe,2026-07-07T20:39:39Z
Sun Hung Kai Properties Limited,,,HK,,,,index_universe,2026-07-07T20:39:40Z
Sun Life Financial Inc.,,,CA,,,,index_universe,2026-07-07T20:39:33Z
Suncor Energy Inc.,,,,,,,index_universe,2026-07-07T20:39:33Z
Suncorp,,,,,,,index_universe,2026-07-07T20:39:42Z
Sunny Optical,,,,,,,index_universe,2026-07-07T20:39:40Z
Supermicro,,,,,,,index_universe,2026-07-07T20:39:30Z
Suzuki Motor Corp.,,,,,,,index_universe,2026-07-07T20:39:39Z
Swiss Life Holding AG,5493000KUC3Z24U77V93,CHE-109.910.989,CH,Zurich,CH-ZH,none,gleif,2026-07-19T02:41:13Z
Swiss Prime Site AG,506700XI9H64OPR34158,CHE-101.080.841,CH,Zug,,unresolved,gleif,2026-07-19T02:41:08Z
Swisscom AG,5493005SL9HHOXS3B739,CHE102753938,CH,Bern,CH-BE,none,gleif,2026-07-19T02:41:08Z
Symrise,,,,,,,index_universe,2026-07-07T20:39:34Z
Synchrony Financial,,,,,,,index_universe,2026-07-07T20:39:30Z
Synopsys,,,,,,,index_universe,2026-07-07T20:39:30Z
Sysco,,,,,,,index_universe,2026-07-07T20:39:30Z
"T&D Holdings, Inc.",,,,,,,index_universe,2026-07-07T20:39:39Z
T-Mobile US,,,,,,,index_universe,2026-07-07T20:39:30Z
T. Rowe Price,,,,,,,index_universe,2026-07-07T20:39:30Z
TC Energy Corporation,,,,,,,index_universe,2026-07-07T20:39:33Z
TDK Corp.,,,,,,,index_universe,2026-07-07T20:39:39Z
TE Connectivity,,,,,,,index_universe,2026-07-07T20:39:30Z
TEMENOS AG,5067007NW6550481FH64,CHE109066419,CH,Grand-Lancy,CH-GE,domicile,gleif,2026-07-19T02:41:12Z
TJX Companies,,,,,,,index_universe,2026-07-07T20:39:30Z
TKO Group Holdings,,,,,,,index_universe,2026-07-07T20:39:30Z
TX Group AG,506700302V28Y6O14985,CHE105836696,CH,Zürich,CH-ZH,none,gleif,2026-07-19T02:41:10Z
Taiheiyo Cement Corp.,,,,,,,index_universe,2026-07-07T20:39:39Z
Taisei Corp.,,,,,,,index_universe,2026-07-07T20:39:39Z
"Taiyo Yuden Co., Ltd.",,,,,,,index_universe,2026-07-07T20:39:39Z
"Takashimaya Co., Ltd.",,,,,,,index_universe,2026-07-07T20:39:39Z
Take-Two Interactive,,,,,,,index_universe,2026-07-07T20:39:30Z
Takeda Pharmaceutical Company Limited,,,,,,,index_universe,2026-07-07T20:39:39Z
"Tapestry, Inc.",,,,,,,index_universe,2026-07-07T20:39:30Z
Targa Resources,,,,,,,index_universe,2026-07-07T20:39:30Z
Target Corporation,,,,,,,index_universe,2026-07-07T20:39:30Z
Tecan Group AG,529900CSN9R3BLETSL26,CHE-107.957.514,CH,Männedorf,CH-ZH,none,gleif,2026-07-19T02:41:10Z
Techtronic Industries,,,,,,,index_universe,2026-07-07T20:39:40Z
Teck Resources Limited,,,,,,,index_universe,2026-07-07T20:39:33Z
Teijin Ltd.,,,,,,,index_universe,2026-07-07T20:39:39Z
Teledyne Technologies,,,,,,,index_universe,2026-07-07T20:39:30Z
Teleperformance,,,,,,,index_universe,2026-07-07T20:39:36Z
Telstra,,,,,,,index_universe,2026-07-07T20:39:42Z
Telus Corporation,,,,,,,index_universe,2026-07-07T20:39:33Z
Tencent Holdings Limited,,,HK,,,,index_universe,2026-07-07T20:39:40Z
Teradyne,,,,,,,index_universe,2026-07-07T20:39:30Z
Terumo Corp.,,,,,,,index_universe,2026-07-07T20:39:39Z
Tesco,,,,,,,index_universe,2026-07-07T20:39:37Z
"Tesla, Inc.",,,,,,,index_universe,2026-07-07T20:39:30Z
Texas Instruments,,,,,,,index_universe,2026-07-07T20:39:30Z
Texas Pacific Land Corporation,,,,,,,index_universe,2026-07-07T20:39:30Z
Textron,,,,,,,index_universe,2026-07-07T20:39:30Z
Thales,,,,,,,index_universe,2026-07-07T20:39:36Z
"The Chiba Bank, Ltd.",,,,,,,index_universe,2026-07-07T20:39:39Z
"The Furukawa Electric Co., Ltd.",,,,,,,index_universe,2026-07-07T20:39:39Z
"The Japan Steel Works, Ltd.",,,,,,,index_universe,2026-07-07T20:39:39Z
"The Kansai Electric Power Co., Inc.",,,,,,,index_universe,2026-07-07T20:39:39Z
The Swatch Group AG,529900NTES2LEON1JZ55,CHE101374515,CH,Neuchâtel,CH-NE,none,gleif,2026-07-19T02:41:12Z
"The Yokohama Rubber Co., Ltd.",,,,,,,index_universe,2026-07-07T20:39:39Z
Thermo Fisher Scientific,,,,,,,index_universe,2026-07-07T20:39:30Z
Thomson Reuters Corporation,,,,,,,index_universe,2026-07-07T20:39:33Z
Thurgauer Kantonalbank,529900F00S0DTFX1D404,CHE-108.954.458,CH,Weinfelden,CH-TG,none,gleif,2026-07-19T02:41:21Z
Tingyi,,,,,,,index_universe,2026-07-07T20:39:40Z
"Tobu Railway Co., Ltd.",,,,,,,index_universe,2026-07-07T20:39:39Z
"Toho Co., Ltd.",,,,,,,index_universe,2026-07-07T20:39:39Z
"Tokai Carbon Co., Ltd.",,,,,,,index_universe,2026-07-07T20:39:39Z
"Tokio Marine Holdings, Inc.",,,,,,,index_universe,2026-07-07T20:39:39Z
Tokuyama Corporation,,,,,,,index_universe,2026-07-07T20:39:39Z
"Tokyo Electric Power Company Holdings, Incorporated",,,,,,,index_universe,2026-07-07T20:39:39Z
"Tokyo Gas Co., Ltd.",,,,,,,index_universe,2026-07-07T20:39:39Z
"Tokyo Tatemono Co., Ltd.",,,,,,,index_universe,2026-07-07T20:39:39Z
Tokyu Corp.,,,,,,,index_universe,2026-07-07T20:39:39Z
Tokyu Land Corp.,,,,,,,index_universe,2026-07-07T20:39:39Z
"Toppan Printing Co., Ltd.",,,,,,,index_universe,2026-07-07T20:39:39Z
"Toray Industries, Inc.",,,,,,,index_universe,2026-07-07T20:39:39Z
Toronto-Dominion Bank,,,,,,,index_universe,2026-07-07T20:39:33Z
Tosoh Corp.,,,,,,,index_universe,2026-07-07T20:39:39Z
TotalEnergies,,,France,,,,index_universe,2026-07-07T20:39:38Z
Toto Ltd.,,,,,,,index_universe,2026-07-07T20:39:39Z
Tourmaline Oil Corp.,,,,,,,index_universe,2026-07-07T20:39:33Z
Toyota Motor Corp.,,,,,,,index_universe,2026-07-07T20:39:39Z
Toyota Tsusho Corp.,,,,,,,index_universe,2026-07-07T20:39:39Z
Tractor Supply,,,,,,,index_universe,2026-07-07T20:39:30Z
Trade Desk (The),,,,,,,index_universe,2026-07-07T20:39:30Z
Trane Technologies,,,,,,,index_universe,2026-07-07T20:39:30Z
TransDigm Group,,,,,,,index_universe,2026-07-07T20:39:30Z
Transurban,,,,,,,index_universe,2026-07-07T20:39:42Z
Travelers Companies (The),,,,,,,index_universe,2026-07-07T20:39:30Z
Trend Micro Inc.,,,,,,,index_universe,2026-07-07T20:39:39Z
Trimble Inc.,,,,,,,index_universe,2026-07-07T20:39:30Z
Trip.com Group,,,,,,,index_universe,2026-07-07T20:39:40Z
Tritax Big Box REIT,,,,,,,index_universe,2026-07-07T20:39:37Z
Truist Financial,,,,,,,index_universe,2026-07-07T20:39:30Z
Tyler Technologies,,,,,,,index_universe,2026-07-07T20:39:30Z
Tyson Foods,,,,,,,index_universe,2026-07-07T20:39:30Z
U.S. Bancorp,,,,,,,index_universe,2026-07-07T20:39:30Z
UBS Group AG,549300SZJ9VS8SGXAN81,CHE-395.345.924,CH,Zurich,CH-ZH,none,gleif,2026-07-19T02:41:23Z
"UDR, Inc.",,,,,,,index_universe,2026-07-07T20:39:30Z
"Ube Industries, Ltd.",,,,,,,index_universe,2026-07-07T20:39:39Z
Uber,,,US,,,,index_universe,2026-07-07T20:39:30Z
Ulta Beauty,,,,,,,index_universe,2026-07-07T20:39:30Z
UniCredit,,,Italy,,,,index_universe,2026-07-07T20:39:38Z
Unibail-Rodamco-Westfield,,,,,,,index_universe,2026-07-07T20:39:36Z
Unilever,,,,,,,index_universe,2026-07-07T20:39:37Z
Union Pacific Corporation,,,,,,,index_universe,2026-07-07T20:39:30Z
United Airlines Holdings,,,,,,,index_universe,2026-07-07T20:39:30Z
United Parcel Service,,,US,,,,index_universe,2026-07-07T20:39:30Z
United Rentals,,,,,,,index_universe,2026-07-07T20:39:30Z
United Utilities,,,,,,,index_universe,2026-07-07T20:39:37Z
UnitedHealth Group,,,,,,,index_universe,2026-07-07T20:39:30Z
Universal Health Services,,,US,,,,index_universe,2026-07-07T20:39:30Z
V-ZUG Holding AG,529900QJR10EHM4DCL65,CHE352183990,CH,Zug,CH-ZG,none,gleif,2026-07-19T02:41:27Z
VAT Group AG,529900MVFK7NVALR7Y83,CHE202223983,CH,Haag (Rheintal),CH-SG,none,gleif,2026-07-19T02:41:23Z
VAUDOISE ASSURANCES HOLDING SA,506700F7C0WFE08FR858,CHE101675359,CH,Lausanne,CH-VD,none,gleif,2026-07-19T02:41:14Z
VP BANK AG,MI3TLH1I0D58ORE24Q14,FL-0001.007.080-0,LI,VADUZ,LI-11,none,gleif,2026-07-19T02:41:32Z
VZ Holding AG,529900JMJUZCFUVQ0Q82,CHE102060456,CH,Zug,CH-ZG,none,gleif,2026-07-19T02:41:27Z
Valartis Group AG,50670085K974R32G1406,CHE101833144,CH,Fribourg,CH-FR,none,gleif,2026-07-19T02:41:24Z
Valero Energy,,,,,,,index_universe,2026-07-07T20:39:30Z
Valiant Holding AG,529900R30EKFHO09CN42,CHE-106.834.240,CH,Luzern,CH-LU,none,gleif,2026-07-19T02:41:13Z
Vanguard Australian Shares,,,,,,,index_universe,2026-07-07T20:39:42Z
Varia US Properties AG,529900S3JDM7SWNEWW59,CHE-320.748.468,CH,Zug,CH-ZG,none,gleif,2026-07-19T02:41:23Z
Veeva Systems,,,,,,,index_universe,2026-07-07T20:39:30Z
Ventas,,,,,,,index_universe,2026-07-07T20:39:30Z
Veolia,,,FR,,,,index_universe,2026-07-07T20:39:36Z
Veralto,,,,,,,index_universe,2026-07-07T20:39:30Z
Verisign,,,,,,,index_universe,2026-07-07T20:39:30Z
Verisk Analytics,,,,,,,index_universe,2026-07-07T20:39:30Z
Verizon,,,,,,,index_universe,2026-07-07T20:39:30Z
Vertex Pharmaceuticals,,,,,,,index_universe,2026-07-07T20:39:30Z
Vertiv,,,,,,,index_universe,2026-07-07T20:39:30Z
Vetropack Holding AG,894500HGD08C8B6GS128,CHE100369552,CH,Bülach,CH-ZH,none,gleif,2026-07-19T02:41:27Z
Viatris,,,,,,,index_universe,2026-07-07T20:39:30Z
Vici Properties,,,,,,,index_universe,2026-07-07T20:39:30Z
Vinci,,,,,,,index_universe,2026-07-07T20:39:36Z
Vinci SA,,,France,,,,index_universe,2026-07-07T20:39:38Z
Visa Inc.,,,,,,,index_universe,2026-07-07T20:39:30Z
Vistra Corp.,,,US,,,,index_universe,2026-07-07T20:39:30Z
Vodafone Group,,,,,,,index_universe,2026-07-07T20:39:37Z
Volkswagen Group,,,Germany,,,,index_universe,2026-07-07T20:39:38Z
Vonovia,,,,,,,index_universe,2026-07-07T20:39:34Z
Vontobel Holding AG,529900G69W5VR3DDPW23,CHE-107.908.496,CH,Zürich,CH-ZH,none,gleif,2026-07-19T02:41:12Z
Vulcan Materials Company,,,,,,,index_universe,2026-07-07T20:39:30Z
W. R. Berkley Corporation,,,,,,,index_universe,2026-07-07T20:39:30Z
W. W. Grainger,,,,,,,index_universe,2026-07-07T20:39:30Z
WEC Energy Group,,,,,,,index_universe,2026-07-07T20:39:30Z
WH Group,,,,,,,index_universe,2026-07-07T20:39:40Z
WISeKey International Holding AG,529900Y5PNKBOZG3YE28,CHE-143.782.707,CH,Zug,CH-ZG,none,gleif,2026-07-19T02:41:31Z
WSP Global Inc.,,,,,,,index_universe,2026-07-07T20:39:33Z
Wabtec,,,,,,,index_universe,2026-07-07T20:39:30Z
Walmart,,,,,,,index_universe,2026-07-07T20:39:30Z
Walt Disney Company (The),,,,,,,index_universe,2026-07-07T20:39:30Z
Warner Bros. Discovery,,,,,,,index_universe,2026-07-07T20:39:30Z
Warteck Invest AG,50670096DRU8U0S8H007,CHE106403101,CH,Basel,CH-BS,none,gleif,2026-07-19T02:41:06Z
Waste Connections Inc.,,,,,,,index_universe,2026-07-07T20:39:33Z
Waste Management,,,,,,,index_universe,2026-07-07T20:39:30Z
Waters Corporation,,,,,,,index_universe,2026-07-07T20:39:30Z
Weir Group,,,,,,,index_universe,2026-07-07T20:39:37Z
Wells Fargo,,,,,,,index_universe,2026-07-07T20:39:30Z
Welltower,,,,,,,index_universe,2026-07-07T20:39:30Z
Wesfarmers,,,,,,,index_universe,2026-07-07T20:39:42Z
West Japan Railway Company,,,,,,,index_universe,2026-07-07T20:39:39Z
West Pharmaceutical Services,,,,,,,index_universe,2026-07-07T20:39:30Z
Western Digital,,,,,,,index_universe,2026-07-07T20:39:30Z
Westpac,,,,,,,index_universe,2026-07-07T20:39:42Z
Weyerhaeuser,,,,,,,index_universe,2026-07-07T20:39:30Z
Wharf Real Estate Investment Company Limited,,,,,,,index_universe,2026-07-07T20:39:40Z
Wheaton Precious Metals Corp.,,,,,,,index_universe,2026-07-07T20:39:33Z
Whitbread,,,,,,,index_universe,2026-07-07T20:39:37Z
Williams Companies,,,,,,,index_universe,2026-07-07T20:39:30Z
"Williams-Sonoma, Inc.",,,,,,,index_universe,2026-07-07T20:39:30Z
Willis Towers Watson,,,,,,,index_universe,2026-07-07T20:39:30Z
Wolters Kluwer,,,Netherlands,,,,index_universe,2026-07-07T20:39:38Z
Woodside Energy,,,,,,,index_universe,2026-07-07T20:39:42Z
Woolworths,,,,,,,index_universe,2026-07-07T20:39:42Z
"Workday, Inc.",,,,,,,index_universe,2026-07-07T20:39:30Z
WuXi AppTec,,,,,,,index_universe,2026-07-07T20:39:40Z
WuXi Biologics,,,,,,,index_universe,2026-07-07T20:39:40Z
Wynn Resorts,,,,,,,index_universe,2026-07-07T20:39:30Z
Xcel Energy,,,,,,,index_universe,2026-07-07T20:39:30Z
Xero,,,,,,,index_universe,2026-07-07T20:39:42Z
Xiaomi,,,,,,,index_universe,2026-07-07T20:39:40Z
Xinyi Glass,,,,,,,index_universe,2026-07-07T20:39:40Z
Xinyi Solar,,,,,,,index_universe,2026-07-07T20:39:40Z
Xlife Sciences AG,984500AH590BE88BB517,CHE-330.279.788,CH,Zürich,CH-ZH,none,gleif,2026-07-19T02:41:25Z
Xylem Inc.,,,,,,,index_universe,2026-07-07T20:39:30Z
Yamaha Corporation,,,,,,,index_universe,2026-07-07T20:39:39Z
"Yamaha Motor Company, Ltd.",,,,,,,index_universe,2026-07-07T20:39:39Z
"Yamato Holdings Co., Ltd.",,,,,,,index_universe,2026-07-07T20:39:39Z
"Yaskawa Electric Corporation, Limited",,,,,,,index_universe,2026-07-07T20:39:39Z
Yokogawa Electric Corp.,,,,,,,index_universe,2026-07-07T20:39:39Z
Yokohama Financial Group,,,,,,,index_universe,2026-07-07T20:39:39Z
Ypsomed Holding AG,391200QLIOTTBNPNSI14,CHE110368235,CH,Burgdorf,CH-BE,none,gleif,2026-07-19T02:41:14Z
Yum! Brands,,,,,,,index_universe,2026-07-07T20:39:30Z
"ZIMMER BIOMET HOLDINGS, INC.",2P2YLDVPES3BXQ1FRB91,3343799,US,Warsaw,US-IN,none,gleif,2026-07-19T02:41:34Z
"ZOZO Co., Ltd",,,,,,,index_universe,2026-07-07T20:39:39Z
ZTO Express,,,,,,,index_universe,2026-07-07T20:39:40Z
Zalando,,,,,,,index_universe,2026-07-07T20:39:34Z
Zebra Technologies,,,,,,,index_universe,2026-07-07T20:39:30Z
Zehnder Group AG,8945000LUWFSSFRPU761,CHE100707011,CH,Gränichen,CH-AG,none,gleif,2026-07-19T02:41:23Z
Zhongsheng Group,,,,,,,index_universe,2026-07-07T20:39:40Z
Zijin Mining,,,,,,,index_universe,2026-07-07T20:39:40Z
Zimmer Biomet,,,,,,,index_universe,2026-07-07T20:39:30Z
Zoetis,,,,,,,index_universe,2026-07-07T20:39:30Z
Zug Estates Holding AG,506700683S928H292L02,CHE302337802,CH,Zug,CH-ZG,none,gleif,2026-07-19T02:41:20Z
Zuger Kantonalbank,529900PVNQ0FQUKJQ049,CHE105744410,CH,Zug,CH-ZG,none,gleif,2026-07-19T02:41:27Z
Zurich Insurance Group AG,529900QVNRBND50TXP03,CHE101236480,CH,Zürich,CH-ZH,none,gleif,2026-07-19T02:41:09Z
Züblin Immobilien Holding AG,5067003F58PWF33I8580,CHE102646768,CH,Zürich,CH-ZH,none,gleif,2026-07-19T02:41:23Z
dormakaba Holding AG,529900QMU5ZH99KMQK13,CHE-107.791.082,CH,Rümlang,CH-ZH,none,gleif,2026-07-19T02:41:32Z
eBay Inc.,,,,,,,index_universe,2026-07-07T20:39:30Z
medmix Group AG,529900PL4KLKJVMULW74,CHE179960685,CH,Baar,CH-ZG,none,gleif,2026-07-19T02:41:28Z
mobilezone holding ag,506700P3R89PJL1LM545,CHE101782529,CH,Rotkreuz,CH-ZG,none,gleif,2026-07-19T02:41:23Z
naturenergie holding AG,529900B5RUD2Z4UYFD31,CHE-105.949.219,CH,Laufenburg,CH-AG,none,gleif,2026-07-19T02:41:17Z
nebag ag,967600KUYAC4AZRWLB18,CHE103510858,CH,Zürich,CH-ZH,none,gleif,2026-07-19T02:41:06Z
